Pořadí;Vrstva / prvek;Typ výrobku;Zvolený výrobek (odkaz);Tloušťka / rozměr;Množství netto;Jednotka;Doporučená rezerva;Množství s rezervou;Jedn. cena (Kč s DPH);Cena s rezervou (Kč);Zdroj ceny / TL;Poznámka
1;StoSilent Top Finish;Akustický finál;StoSilent Top Finish | https://www.sto.cz/s/p/a1F2p00000Piv9kEAB/stosilent-top-finish;3,0 kg/m² · 18 kg;249.38;kg;10 %;274.32;;;TL 3,0 kg/m² · https://www.sto.co.nz/00_common/tds/StoSilent%20TDS/StoSilent%20Top%20Finish%20TDS.PDF;"Šikminy+kastlík 83.13 m² → 249.4 kg; objednat 16× 18 kg. Cena na poptávku Sto."
2;StoSilent Top Basic;Akustický základ;StoSilent Top Basic | https://www.sto.cz/s/p/a1F2p00000Piv9jEAB/stosilent-top-basic;2,5 kg/m² · 18 kg;207.82;kg;10 %;228.6;;;Checklist 2,5 kg/m² · https://stoprod.e-spirit.cloud/cepcom/no/documents/Systemdokumentasjon/Akustikk/StoSilentDistance/Arbeidsanvisning/StoSilent-Distance-Application-guideline.pdf;"207.8 kg; objednat 13× 18 kg. Cena na poptávku Sto."
3;NaturHeld 140 — 80 mm;Dřevovláknitá deska;NaturHeld 140 / 80 mm | https://naturheld-izolace.cz/produkt/naturheld-140/;80 mm;71.0;m²;12 %;79.52;534.0;42464.0;přírodnístavba.cz · https://www.prirodnistavba.cz/drevovlaknita-deska-natur-held-140-kg-m3-1880-615-mm-tl-80-mm-pero-drazka-15725.html;Šikminy.
4;NaturHeld 140 — 40 mm;Dřevovláknitá deska;NaturHeld 140 / 40 mm | https://naturheld-izolace.cz/produkt/naturheld-140/;40 mm;12.13;m²;12 %;13.58;266.0;3612.0;přírodnístavba.cz · https://www.prirodnistavba.cz/drevovlaknita-deska-natur-held-140-kg-m3-1250-600-mm-tl-40-mm-15722.html;Kastlík.
5;Parozábrana;Fólie;Výrobek dosud nezvolen;—;71.0;m²;10 %;78.1;;;—;Nedořešeno.
6;Sádrokarton RF 12,5;GKF/RF;Rigips RF 12,5 | https://www.rigips.cz/produkty/protipozarni-deska-rf-df/;12,5 mm;76.76;m²;12 %;85.98;115.88;9963.0;DEK · https://www.dek.cz/produkty/detail/3630042500-sadrokarton-po-deska-rf-12-5mm-1250-2000mm;Šikminy + víko kastlíku.
7;Sádrokarton GKB/RF 12,5 (basstrapy);GKB plná;Rigips RB/RF 12,5 | https://www.rigips.cz/produkty/stavebni-deska-rb-a/;12,5 mm;17.88;m²;12 %;20.03;96.0;1923.0;NonstopStavebniny / DEK RB~GKB orientačně;Štíty.
8;Profil R-CD 60×27;CD profil;Rigips R-CD | https://www.rigips.cz/produkty/r-cd-profil/;60×27;219.73;bm;10 %;241.71;29.21;7060.0;DEK R-CD · https://www.dek.cz/produkty/vypis/4167-cd-profily-na-strop/28565-rigips;Šikminy + kastlík + štíty.
9;Přímý závěs KB510154;Přímý závěs 125;Rigips KB510154 | https://www.rigips.cz/produkty/primy-zaves/;125 mm;52;ks;8 %;56.16;6.27;352.0;DEK KB510154 · https://www.dek.cz/produkty/detail/3630551425-primy-zaves-60-125-mm-1-00mm-100-ks-bal;Okenní šikmina.
10;Nonius sada;H+S+2× závlačka;Rigips Nonius sada | https://www.rigips.cz/produkty/nonius-horni-dil/;340/440;78;ks;8 %;84.24;29.1;2451.0;"sada: IZOMAT horní 340 · https://www.izomat.cz/zaves-rigips-nonius-horni-340-mm-100-ks-baleni.html; DEK spodní CD · https://www.dek.cz/produkty/detail/3631100745-nonius-spodni-cd-dkm; 2× IZOMAT závlačka · https://www.izomat.cz/pojistna-zavlacka-nonius-dk-mont-100-ks-baleni.html";Šikminy u skříní + kastlík.
11;Akustický třmen KB517112;Třmen + Sylomer;Rigips KB517112 | https://www.rigips.cz/produkty/akusticky-trmen-se-sylomerem/;—;44;ks;8 %;47.52;477.0;22667.0;ceník Rigips KB517112 (sci-data / distributor) — ověřit nabídkou;Štíty.
12;Minerální vlna (souhrn);Minerální vlna;Výrobek dosud nezvolen;—;33.07;m³;10 %;36.38;;;—;Plenum 27.64 + kastlík 1.80 + štíty 3.63 m³.
13;Latě 60×40;Řezivo;Latě 60×40;60×40;17.55;bm;12 %;19.66;45.0;885.0;orientační řezivo KVH/latě CZ e-shopy;Kastlík.
14;Zavětrovací pásky 40×2;Ocelová páska;Výrobek dosud nezvolen;40×2;32.58;bm;10 %;35.83;25.0;896.0;orientační ocelová páska 40×2;Nedořešeno: přesný typ.
15;Spirála Ø160;VZT potrubí;Výrobce VZT dosud nezvolen;Ø160;31.37;bm;8 %;33.88;180.0;6099.0;orientační spirála Ø160 pozink;3 trasy v kastlíku.
16;Dropy kastlíku;Krátký závěs;Dosud nezvolen;20×2;16;ks;10 %;17.6;8.0;141.0;orientační krátký pásek/drop;Kastlík.
17;Úhelníky kastlíku (spoj + cleat);L-profil;Dosud nezvolen;—;52.29;bm;10 %;57.52;55.0;3164.0;orientační L-profil / tenký úhelník;Spoj + cleat na pozednici.
18;Nástěnné úhelníky kastlíku;Úhelník;Dosud nezvolen;—;32;ks;10 %;35.2;35.0;1232.0;orientační nástěnný úhelník;Vzpěra u zdi.

;SOUČET OCENĚNÝCH (s rezervou);;;;;;;;;102909.0
