case_id,as_built,sensitivity,naturheld_t_mm,flex_t_mm,nh_sigma_Pa_s_m2,nh_sigma_note,flex_sigma_Pa_s_m2,flex_sigma_note,soffit_flex_mm,soffit_flex_sigma_Pa_s_m2,open_fraction,facing,freq_hz,alpha_slope,alpha_soffit,slope_miki_flag,soffit_miki_flag,sabine_rt60_s_cheap_check,eyring_rt60_s_cheap_check,duct_clearance_mm
nh40_flex40,0,0,40.0,40.0,60000.0,declared minimum; the true value may be higher,5000.0,Flex table 5 kPa·s/m² for thickness up to 60 mm (AFr10 claims >= 10; both recorded; model uses the table),447.61,6000.0,0.904000,stosilent_transparent_upper_bound,63,0.363812,0.303605,out of Miki range: naturheld 140,out of Miki range: soffit naturheld 140,1.4532,1.3683,27.00
nh40_flex40,0,0,40.0,40.0,60000.0,declared minimum; the true value may be higher,5000.0,Flex table 5 kPa·s/m² for thickness up to 60 mm (AFr10 claims >= 10; both recorded; model uses the table),447.61,6000.0,0.904000,stosilent_transparent_upper_bound,80,0.268823,0.321955,out of Miki range: naturheld 140,out of Miki range: soffit naturheld 140,1.9545,1.8700,27.00
nh40_flex40,0,0,40.0,40.0,60000.0,declared minimum; the true value may be higher,5000.0,Flex table 5 kPa·s/m² for thickness up to 60 mm (AFr10 claims >= 10; both recorded; model uses the table),447.61,6000.0,0.904000,stosilent_transparent_upper_bound,100,0.057508,0.341113,out of Miki range: naturheld 140,out of Miki range: soffit naturheld 140,6.8335,6.7500,27.00
nh40_flex40,0,0,40.0,40.0,60000.0,declared minimum; the true value may be higher,5000.0,Flex table 5 kPa·s/m² for thickness up to 60 mm (AFr10 claims >= 10; both recorded; model uses the table),447.61,6000.0,0.904000,stosilent_transparent_upper_bound,125,0.169783,0.362415,out of Miki range: naturheld 140,out of Miki range: soffit naturheld 140,2.9606,2.8766,27.00
nh40_flex40,0,0,40.0,40.0,60000.0,declared minimum; the true value may be higher,5000.0,Flex table 5 kPa·s/m² for thickness up to 60 mm (AFr10 claims >= 10; both recorded; model uses the table),447.61,6000.0,0.904000,stosilent_transparent_upper_bound,160,0.278731,0.387282,out of Miki range: naturheld 140,out of Miki range: soffit naturheld 140,1.9038,1.8194,27.00
nh40_flex40,0,0,40.0,40.0,60000.0,declared minimum; the true value may be higher,5000.0,Flex table 5 kPa·s/m² for thickness up to 60 mm (AFr10 claims >= 10; both recorded; model uses the table),447.61,6000.0,0.904000,stosilent_transparent_upper_bound,200,0.356687,0.409198,out of Miki range: naturheld 140,out of Miki range: soffit naturheld 140,1.5144,1.4296,27.00
nh40_flex40,0,0,40.0,40.0,60000.0,declared minimum; the true value may be higher,5000.0,Flex table 5 kPa·s/m² for thickness up to 60 mm (AFr10 claims >= 10; both recorded; model uses the table),447.61,6000.0,0.904000,stosilent_transparent_upper_bound,250,0.421550,0.430527,out of Miki range: naturheld 140,out of Miki range: soffit naturheld 140,1.2931,1.2080,27.00
nh40_flex40,0,0,40.0,40.0,60000.0,declared minimum; the true value may be higher,5000.0,Flex table 5 kPa·s/m² for thickness up to 60 mm (AFr10 claims >= 10; both recorded; model uses the table),447.61,6000.0,0.904000,stosilent_transparent_upper_bound,315,0.477545,0.455494,out of Miki range: naturheld 140,out of Miki range: soffit naturheld 140,1.1470,1.0616,27.00
nh40_flex40,0,0,40.0,40.0,60000.0,declared minimum; the true value may be higher,5000.0,Flex table 5 kPa·s/m² for thickness up to 60 mm (AFr10 claims >= 10; both recorded; model uses the table),447.61,6000.0,0.904000,stosilent_transparent_upper_bound,400,0.524793,0.486189,out of Miki range: naturheld 140,out of Miki range: soffit naturheld 140,1.0458,0.9602,27.00
nh40_flex40,0,0,40.0,40.0,60000.0,declared minimum; the true value may be higher,5000.0,Flex table 5 kPa·s/m² for thickness up to 60 mm (AFr10 claims >= 10; both recorded; model uses the table),447.61,6000.0,0.904000,stosilent_transparent_upper_bound,500,0.560351,0.516916,out of Miki range: naturheld 140,out of Miki range: soffit naturheld 140,0.9797,0.8940,27.00
nh40_flex40,0,0,40.0,40.0,60000.0,declared minimum; the true value may be higher,5000.0,Flex table 5 kPa·s/m² for thickness up to 60 mm (AFr10 claims >= 10; both recorded; model uses the table),447.61,6000.0,0.904000,stosilent_transparent_upper_bound,630,0.590344,0.554106,,,0.9290,0.8431,27.00
nh40_flex40,0,0,40.0,40.0,60000.0,declared minimum; the true value may be higher,5000.0,Flex table 5 kPa·s/m² for thickness up to 60 mm (AFr10 claims >= 10; both recorded; model uses the table),447.61,6000.0,0.904000,stosilent_transparent_upper_bound,800,0.617362,0.597375,,,0.8867,0.8006,27.00
nh40_flex40,0,0,40.0,40.0,60000.0,declared minimum; the true value may be higher,5000.0,Flex table 5 kPa·s/m² for thickness up to 60 mm (AFr10 claims >= 10; both recorded; model uses the table),447.61,6000.0,0.904000,stosilent_transparent_upper_bound,1000,0.643468,0.640968,,,0.8491,0.7629,27.00
nh40_flex40,0,0,40.0,40.0,60000.0,declared minimum; the true value may be higher,5000.0,Flex table 5 kPa·s/m² for thickness up to 60 mm (AFr10 claims >= 10; both recorded; model uses the table),447.61,6000.0,0.904000,stosilent_transparent_upper_bound,1250,0.675595,0.684991,,,0.8078,0.7214,27.00
nh40_flex40,0,0,40.0,40.0,60000.0,declared minimum; the true value may be higher,5000.0,Flex table 5 kPa·s/m² for thickness up to 60 mm (AFr10 claims >= 10; both recorded; model uses the table),447.61,6000.0,0.904000,stosilent_transparent_upper_bound,1600,0.721270,0.729810,,,0.7568,0.6702,27.00
nh40_flex40,0,0,40.0,40.0,60000.0,declared minimum; the true value may be higher,5000.0,Flex table 5 kPa·s/m² for thickness up to 60 mm (AFr10 claims >= 10; both recorded; model uses the table),447.61,6000.0,0.904000,stosilent_transparent_upper_bound,2000,0.764461,0.763311,,,0.7147,0.6278,27.00
nh40_flex40,0,0,40.0,40.0,60000.0,declared minimum; the true value may be higher,5000.0,Flex table 5 kPa·s/m² for thickness up to 60 mm (AFr10 claims >= 10; both recorded; model uses the table),447.61,6000.0,0.904000,stosilent_transparent_upper_bound,2500,0.792861,0.789094,,,0.6892,0.6022,27.00
nh40_flex40,0,0,40.0,40.0,60000.0,declared minimum; the true value may be higher,5000.0,Flex table 5 kPa·s/m² for thickness up to 60 mm (AFr10 claims >= 10; both recorded; model uses the table),447.61,6000.0,0.904000,stosilent_transparent_upper_bound,3150,0.807510,0.809732,,,0.6764,0.5893,27.00
nh40_flex40,0,0,40.0,40.0,60000.0,declared minimum; the true value may be higher,5000.0,Flex table 5 kPa·s/m² for thickness up to 60 mm (AFr10 claims >= 10; both recorded; model uses the table),447.61,6000.0,0.904000,stosilent_transparent_upper_bound,4000,0.829306,0.828343,,,0.6588,0.5716,27.00
nh40_flex60,0,0,40.0,60.0,60000.0,declared minimum; the true value may be higher,5000.0,Flex table 5 kPa·s/m² for thickness up to 60 mm (AFr10 claims >= 10; both recorded; model uses the table),447.61,6000.0,0.904000,stosilent_transparent_upper_bound,63,0.359471,0.303605,out of Miki range: naturheld 140,out of Miki range: soffit naturheld 140,1.4607,1.3760,7.00
nh40_flex60,0,0,40.0,60.0,60000.0,declared minimum; the true value may be higher,5000.0,Flex table 5 kPa·s/m² for thickness up to 60 mm (AFr10 claims >= 10; both recorded; model uses the table),447.61,6000.0,0.904000,stosilent_transparent_upper_bound,80,0.216349,0.321955,out of Miki range: naturheld 140,out of Miki range: soffit naturheld 140,2.3562,2.2722,7.00
nh40_flex60,0,0,40.0,60.0,60000.0,declared minimum; the true value may be higher,5000.0,Flex table 5 kPa·s/m² for thickness up to 60 mm (AFr10 claims >= 10; both recorded; model uses the table),447.61,6000.0,0.904000,stosilent_transparent_upper_bound,100,0.118269,0.341113,out of Miki range: naturheld 140,out of Miki range: soffit naturheld 140,3.9723,3.8887,7.00
nh40_flex60,0,0,40.0,60.0,60000.0,declared minimum; the true value may be higher,5000.0,Flex table 5 kPa·s/m² for thickness up to 60 mm (AFr10 claims >= 10; both recorded; model uses the table),447.61,6000.0,0.904000,stosilent_transparent_upper_bound,125,0.247393,0.362415,out of Miki range: naturheld 140,out of Miki range: soffit naturheld 140,2.1121,2.0280,7.00
nh40_flex60,0,0,40.0,60.0,60000.0,declared minimum; the true value may be higher,5000.0,Flex table 5 kPa·s/m² for thickness up to 60 mm (AFr10 claims >= 10; both recorded; model uses the table),447.61,6000.0,0.904000,stosilent_transparent_upper_bound,160,0.338682,0.387282,out of Miki range: naturheld 140,out of Miki range: soffit naturheld 140,1.5828,1.4983,7.00
nh40_flex60,0,0,40.0,60.0,60000.0,declared minimum; the true value may be higher,5000.0,Flex table 5 kPa·s/m² for thickness up to 60 mm (AFr10 claims >= 10; both recorded; model uses the table),447.61,6000.0,0.904000,stosilent_transparent_upper_bound,200,0.399444,0.409198,out of Miki range: naturheld 140,out of Miki range: soffit naturheld 140,1.3547,1.2700,7.00
nh40_flex60,0,0,40.0,60.0,60000.0,declared minimum; the true value may be higher,5000.0,Flex table 5 kPa·s/m² for thickness up to 60 mm (AFr10 claims >= 10; both recorded; model uses the table),447.61,6000.0,0.904000,stosilent_transparent_upper_bound,250,0.448333,0.430527,out of Miki range: naturheld 140,out of Miki range: soffit naturheld 140,1.2130,1.1280,7.00
nh40_flex60,0,0,40.0,60.0,60000.0,declared minimum; the true value may be higher,5000.0,Flex table 5 kPa·s/m² for thickness up to 60 mm (AFr10 claims >= 10; both recorded; model uses the table),447.61,6000.0,0.904000,stosilent_transparent_upper_bound,315,0.489676,0.455494,out of Miki range: naturheld 140,out of Miki range: soffit naturheld 140,1.1132,1.0280,7.00
nh40_flex60,0,0,40.0,60.0,60000.0,declared minimum; the true value may be higher,5000.0,Flex table 5 kPa·s/m² for thickness up to 60 mm (AFr10 claims >= 10; both recorded; model uses the table),447.61,6000.0,0.904000,stosilent_transparent_upper_bound,400,0.524361,0.486189,out of Miki range: naturheld 140,out of Miki range: soffit naturheld 140,1.0399,0.9545,7.00
nh40_flex60,0,0,40.0,60.0,60000.0,declared minimum; the true value may be higher,5000.0,Flex table 5 kPa·s/m² for thickness up to 60 mm (AFr10 claims >= 10; both recorded; model uses the table),447.61,6000.0,0.904000,stosilent_transparent_upper_bound,500,0.551038,0.516916,out of Miki range: naturheld 140,out of Miki range: soffit naturheld 140,0.9889,0.9034,7.00
nh40_flex60,0,0,40.0,60.0,60000.0,declared minimum; the true value may be higher,5000.0,Flex table 5 kPa·s/m² for thickness up to 60 mm (AFr10 claims >= 10; both recorded; model uses the table),447.61,6000.0,0.904000,stosilent_transparent_upper_bound,630,0.575314,0.554106,,,0.9457,0.8600,7.00
nh40_flex60,0,0,40.0,60.0,60000.0,declared minimum; the true value may be higher,5000.0,Flex table 5 kPa·s/m² for thickness up to 60 mm (AFr10 claims >= 10; both recorded; model uses the table),447.61,6000.0,0.904000,stosilent_transparent_upper_bound,800,0.601106,0.597375,,,0.9033,0.8175,7.00
nh40_flex60,0,0,40.0,60.0,60000.0,declared minimum; the true value may be higher,5000.0,Flex table 5 kPa·s/m² for thickness up to 60 mm (AFr10 claims >= 10; both recorded; model uses the table),447.61,6000.0,0.904000,stosilent_transparent_upper_bound,1000,0.631663,0.640968,,,0.8584,0.7725,7.00
nh40_flex60,0,0,40.0,60.0,60000.0,declared minimum; the true value may be higher,5000.0,Flex table 5 kPa·s/m² for thickness up to 60 mm (AFr10 claims >= 10; both recorded; model uses the table),447.61,6000.0,0.904000,stosilent_transparent_upper_bound,1250,0.674073,0.684991,,,0.8044,0.7182,7.00
nh40_flex60,0,0,40.0,60.0,60000.0,declared minimum; the true value may be higher,5000.0,Flex table 5 kPa·s/m² for thickness up to 60 mm (AFr10 claims >= 10; both recorded; model uses the table),447.61,6000.0,0.904000,stosilent_transparent_upper_bound,1600,0.730774,0.729810,,,0.7428,0.6564,7.00
nh40_flex60,0,0,40.0,60.0,60000.0,declared minimum; the true value may be higher,5000.0,Flex table 5 kPa·s/m² for thickness up to 60 mm (AFr10 claims >= 10; both recorded; model uses the table),447.61,6000.0,0.904000,stosilent_transparent_upper_bound,2000,0.767613,0.763311,,,0.7074,0.6207,7.00
nh40_flex60,0,0,40.0,60.0,60000.0,declared minimum; the true value may be higher,5000.0,Flex table 5 kPa·s/m² for thickness up to 60 mm (AFr10 claims >= 10; both recorded; model uses the table),447.61,6000.0,0.904000,stosilent_transparent_upper_bound,2500,0.786838,0.789094,,,0.6897,0.6030,7.00
nh40_flex60,0,0,40.0,60.0,60000.0,declared minimum; the true value may be higher,5000.0,Flex table 5 kPa·s/m² for thickness up to 60 mm (AFr10 claims >= 10; both recorded; model uses the table),447.61,6000.0,0.904000,stosilent_transparent_upper_bound,3150,0.810581,0.809732,,,0.6697,0.5828,7.00
nh40_flex60,0,0,40.0,60.0,60000.0,declared minimum; the true value may be higher,5000.0,Flex table 5 kPa·s/m² for thickness up to 60 mm (AFr10 claims >= 10; both recorded; model uses the table),447.61,6000.0,0.904000,stosilent_transparent_upper_bound,4000,0.827741,0.828343,,,0.6557,0.5688,7.00
as_built,1,0,60.0,40.0,60000.0,declared minimum; the true value may be higher,5000.0,Flex table 5 kPa·s/m² for thickness up to 60 mm (AFr10 claims >= 10; both recorded; model uses the table),427.61,6000.0,0.904000,stosilent_transparent_upper_bound,63,0.279518,0.246955,out of Miki range: naturheld 140,out of Miki range: soffit naturheld 140,1.8514,1.7671,7.00
as_built,1,0,60.0,40.0,60000.0,declared minimum; the true value may be higher,5000.0,Flex table 5 kPa·s/m² for thickness up to 60 mm (AFr10 claims >= 10; both recorded; model uses the table),427.61,6000.0,0.904000,stosilent_transparent_upper_bound,80,0.219168,0.264375,out of Miki range: naturheld 140,out of Miki range: soffit naturheld 140,2.3680,2.2841,7.00
as_built,1,0,60.0,40.0,60000.0,declared minimum; the true value may be higher,5000.0,Flex table 5 kPa·s/m² for thickness up to 60 mm (AFr10 claims >= 10; both recorded; model uses the table),427.61,6000.0,0.904000,stosilent_transparent_upper_bound,100,0.117863,0.283263,out of Miki range: naturheld 140,out of Miki range: soffit naturheld 140,4.0977,4.0141,7.00
as_built,1,0,60.0,40.0,60000.0,declared minimum; the true value may be higher,5000.0,Flex table 5 kPa·s/m² for thickness up to 60 mm (AFr10 claims >= 10; both recorded; model uses the table),427.61,6000.0,0.904000,stosilent_transparent_upper_bound,125,0.244198,0.305044,out of Miki range: naturheld 140,out of Miki range: soffit naturheld 140,2.1692,2.0851,7.00
as_built,1,0,60.0,40.0,60000.0,declared minimum; the true value may be higher,5000.0,Flex table 5 kPa·s/m² for thickness up to 60 mm (AFr10 claims >= 10; both recorded; model uses the table),427.61,6000.0,0.904000,stosilent_transparent_upper_bound,160,0.322390,0.332127,out of Miki range: naturheld 140,out of Miki range: soffit naturheld 140,1.6749,1.5905,7.00
as_built,1,0,60.0,40.0,60000.0,declared minimum; the true value may be higher,5000.0,Flex table 5 kPa·s/m² for thickness up to 60 mm (AFr10 claims >= 10; both recorded; model uses the table),427.61,6000.0,0.904000,stosilent_transparent_upper_bound,200,0.372883,0.358892,out of Miki range: naturheld 140,out of Miki range: soffit naturheld 140,1.4570,1.3724,7.00
as_built,1,0,60.0,40.0,60000.0,declared minimum; the true value may be higher,5000.0,Flex table 5 kPa·s/m² for thickness up to 60 mm (AFr10 claims >= 10; both recorded; model uses the table),427.61,6000.0,0.904000,stosilent_transparent_upper_bound,250,0.415150,0.388786,out of Miki range: naturheld 140,out of Miki range: soffit naturheld 140,1.3119,1.2271,7.00
as_built,1,0,60.0,40.0,60000.0,declared minimum; the true value may be higher,5000.0,Flex table 5 kPa·s/m² for thickness up to 60 mm (AFr10 claims >= 10; both recorded; model uses the table),427.61,6000.0,0.904000,stosilent_transparent_upper_bound,315,0.454293,0.425610,out of Miki range: naturheld 140,out of Miki range: soffit naturheld 140,1.1993,1.1143,7.00
as_built,1,0,60.0,40.0,60000.0,declared minimum; the true value may be higher,5000.0,Flex table 5 kPa·s/m² for thickness up to 60 mm (AFr10 claims >= 10; both recorded; model uses the table),427.61,6000.0,0.904000,stosilent_transparent_upper_bound,400,0.492414,0.469765,out of Miki range: naturheld 140,out of Miki range: soffit naturheld 140,1.1054,1.0202,7.00
as_built,1,0,60.0,40.0,60000.0,declared minimum; the true value may be higher,5000.0,Flex table 5 kPa·s/m² for thickness up to 60 mm (AFr10 claims >= 10; both recorded; model uses the table),427.61,6000.0,0.904000,stosilent_transparent_upper_bound,500,0.527988,0.514768,out of Miki range: naturheld 140,out of Miki range: soffit naturheld 140,1.0296,0.9442,7.00
as_built,1,0,60.0,40.0,60000.0,declared minimum; the true value may be higher,5000.0,Flex table 5 kPa·s/m² for thickness up to 60 mm (AFr10 claims >= 10; both recorded; model uses the table),427.61,6000.0,0.904000,stosilent_transparent_upper_bound,630,0.566859,0.564152,,,0.9578,0.8722,7.00
as_built,1,0,60.0,40.0,60000.0,declared minimum; the true value may be higher,5000.0,Flex table 5 kPa·s/m² for thickness up to 60 mm (AFr10 claims >= 10; both recorded; model uses the table),427.61,6000.0,0.904000,stosilent_transparent_upper_bound,800,0.610574,0.614658,,,0.8885,0.8027,7.00
as_built,1,0,60.0,40.0,60000.0,declared minimum; the true value may be higher,5000.0,Flex table 5 kPa·s/m² for thickness up to 60 mm (AFr10 claims >= 10; both recorded; model uses the table),427.61,6000.0,0.904000,stosilent_transparent_upper_bound,1000,0.653759,0.658196,,,0.8299,0.7438,7.00
as_built,1,0,60.0,40.0,60000.0,declared minimum; the true value may be higher,5000.0,Flex table 5 kPa·s/m² for thickness up to 60 mm (AFr10 claims >= 10; both recorded; model uses the table),427.61,6000.0,0.904000,stosilent_transparent_upper_bound,1250,0.695363,0.696347,,,0.7805,0.6942,7.00
as_built,1,0,60.0,40.0,60000.0,declared minimum; the true value may be higher,5000.0,Flex table 5 kPa·s/m² for thickness up to 60 mm (AFr10 claims >= 10; both recorded; model uses the table),427.61,6000.0,0.904000,stosilent_transparent_upper_bound,1600,0.733728,0.732287,,,0.7399,0.6534,7.00
as_built,1,0,60.0,40.0,60000.0,declared minimum; the true value may be higher,5000.0,Flex table 5 kPa·s/m² for thickness up to 60 mm (AFr10 claims >= 10; both recorded; model uses the table),427.61,6000.0,0.904000,stosilent_transparent_upper_bound,2000,0.760773,0.760635,,,0.7135,0.6269,7.00
as_built,1,0,60.0,40.0,60000.0,declared minimum; the true value may be higher,5000.0,Flex table 5 kPa·s/m² for thickness up to 60 mm (AFr10 claims >= 10; both recorded; model uses the table),427.61,6000.0,0.904000,stosilent_transparent_upper_bound,2500,0.785778,0.786234,,,0.6908,0.6040,7.00
as_built,1,0,60.0,40.0,60000.0,declared minimum; the true value may be higher,5000.0,Flex table 5 kPa·s/m² for thickness up to 60 mm (AFr10 claims >= 10; both recorded; model uses the table),427.61,6000.0,0.904000,stosilent_transparent_upper_bound,3150,0.809667,0.809419,,,0.6704,0.5835,7.00
as_built,1,0,60.0,40.0,60000.0,declared minimum; the true value may be higher,5000.0,Flex table 5 kPa·s/m² for thickness up to 60 mm (AFr10 claims >= 10; both recorded; model uses the table),427.61,6000.0,0.904000,stosilent_transparent_upper_bound,4000,0.829013,0.829080,,,0.6548,0.5678,7.00
nh60_flex60,0,0,60.0,60.0,60000.0,declared minimum; the true value may be higher,5000.0,Flex table 5 kPa·s/m² for thickness up to 60 mm (AFr10 claims >= 10; both recorded; model uses the table),427.61,6000.0,0.904000,stosilent_transparent_upper_bound,63,0.276632,0.246955,out of Miki range: naturheld 140,out of Miki range: soffit naturheld 140,1.8582,1.7742,-13.00
nh60_flex60,0,0,60.0,60.0,60000.0,declared minimum; the true value may be higher,5000.0,Flex table 5 kPa·s/m² for thickness up to 60 mm (AFr10 claims >= 10; both recorded; model uses the table),427.61,6000.0,0.904000,stosilent_transparent_upper_bound,80,0.182366,0.264375,out of Miki range: naturheld 140,out of Miki range: soffit naturheld 140,2.7697,2.6861,-13.00
nh60_flex60,0,0,60.0,60.0,60000.0,declared minimum; the true value may be higher,5000.0,Flex table 5 kPa·s/m² for thickness up to 60 mm (AFr10 claims >= 10; both recorded; model uses the table),427.61,6000.0,0.904000,stosilent_transparent_upper_bound,100,0.183829,0.283263,out of Miki range: naturheld 140,out of Miki range: soffit naturheld 140,2.7795,2.6959,-13.00
nh60_flex60,0,0,60.0,60.0,60000.0,declared minimum; the true value may be higher,5000.0,Flex table 5 kPa·s/m² for thickness up to 60 mm (AFr10 claims >= 10; both recorded; model uses the table),427.61,6000.0,0.904000,stosilent_transparent_upper_bound,125,0.282438,0.305044,out of Miki range: naturheld 140,out of Miki range: soffit naturheld 140,1.8862,1.8022,-13.00
nh60_flex60,0,0,60.0,60.0,60000.0,declared minimum; the true value may be higher,5000.0,Flex table 5 kPa·s/m² for thickness up to 60 mm (AFr10 claims >= 10; both recorded; model uses the table),427.61,6000.0,0.904000,stosilent_transparent_upper_bound,160,0.339722,0.332127,out of Miki range: naturheld 140,out of Miki range: soffit naturheld 140,1.5850,1.5008,-13.00
nh60_flex60,0,0,60.0,60.0,60000.0,declared minimum; the true value may be higher,5000.0,Flex table 5 kPa·s/m² for thickness up to 60 mm (AFr10 claims >= 10; both recorded; model uses the table),427.61,6000.0,0.904000,stosilent_transparent_upper_bound,200,0.379086,0.358892,out of Miki range: naturheld 140,out of Miki range: soffit naturheld 140,1.4255,1.3411,-13.00
nh60_flex60,0,0,60.0,60.0,60000.0,declared minimum; the true value may be higher,5000.0,Flex table 5 kPa·s/m² for thickness up to 60 mm (AFr10 claims >= 10; both recorded; model uses the table),427.61,6000.0,0.904000,stosilent_transparent_upper_bound,250,0.413962,0.388786,out of Miki range: naturheld 140,out of Miki range: soffit naturheld 140,1.3070,1.2224,-13.00
nh60_flex60,0,0,60.0,60.0,60000.0,declared minimum; the true value may be higher,5000.0,Flex table 5 kPa·s/m² for thickness up to 60 mm (AFr10 claims >= 10; both recorded; model uses the table),427.61,6000.0,0.904000,stosilent_transparent_upper_bound,315,0.448313,0.425610,out of Miki range: naturheld 140,out of Miki range: soffit naturheld 140,1.2065,1.1217,-13.00
nh60_flex60,0,0,60.0,60.0,60000.0,declared minimum; the true value may be higher,5000.0,Flex table 5 kPa·s/m² for thickness up to 60 mm (AFr10 claims >= 10; both recorded; model uses the table),427.61,6000.0,0.904000,stosilent_transparent_upper_bound,400,0.484247,0.469765,out of Miki range: naturheld 140,out of Miki range: soffit naturheld 140,1.1157,1.0307,-13.00
nh60_flex60,0,0,60.0,60.0,60000.0,declared minimum; the true value may be higher,5000.0,Flex table 5 kPa·s/m² for thickness up to 60 mm (AFr10 claims >= 10; both recorded; model uses the table),427.61,6000.0,0.904000,stosilent_transparent_upper_bound,500,0.520256,0.514768,out of Miki range: naturheld 140,out of Miki range: soffit naturheld 140,1.0372,0.9521,-13.00
nh60_flex60,0,0,60.0,60.0,60000.0,declared minimum; the true value may be higher,5000.0,Flex table 5 kPa·s/m² for thickness up to 60 mm (AFr10 claims >= 10; both recorded; model uses the table),427.61,6000.0,0.904000,stosilent_transparent_upper_bound,630,0.561826,0.564152,,,0.9596,0.8742,-13.00
nh60_flex60,0,0,60.0,60.0,60000.0,declared minimum; the true value may be higher,5000.0,Flex table 5 kPa·s/m² for thickness up to 60 mm (AFr10 claims >= 10; both recorded; model uses the table),427.61,6000.0,0.904000,stosilent_transparent_upper_bound,800,0.609676,0.614658,,,0.8840,0.7985,-13.00
nh60_flex60,0,0,60.0,60.0,60000.0,declared minimum; the true value may be higher,5000.0,Flex table 5 kPa·s/m² for thickness up to 60 mm (AFr10 claims >= 10; both recorded; model uses the table),427.61,6000.0,0.904000,stosilent_transparent_upper_bound,1000,0.655936,0.658196,,,0.8220,0.7361,-13.00
nh60_flex60,0,0,60.0,60.0,60000.0,declared minimum; the true value may be higher,5000.0,Flex table 5 kPa·s/m² for thickness up to 60 mm (AFr10 claims >= 10; both recorded; model uses the table),427.61,6000.0,0.904000,stosilent_transparent_upper_bound,1250,0.697623,0.696347,,,0.7732,0.6871,-13.00
nh60_flex60,0,0,60.0,60.0,60000.0,declared minimum; the true value may be higher,5000.0,Flex table 5 kPa·s/m² for thickness up to 60 mm (AFr10 claims >= 10; both recorded; model uses the table),427.61,6000.0,0.904000,stosilent_transparent_upper_bound,1600,0.732989,0.732287,,,0.7358,0.6496,-13.00
nh60_flex60,0,0,60.0,60.0,60000.0,declared minimum; the true value may be higher,5000.0,Flex table 5 kPa·s/m² for thickness up to 60 mm (AFr10 claims >= 10; both recorded; model uses the table),427.61,6000.0,0.904000,stosilent_transparent_upper_bound,2000,0.759941,0.760635,,,0.7096,0.6233,-13.00
nh60_flex60,0,0,60.0,60.0,60000.0,declared minimum; the true value may be higher,5000.0,Flex table 5 kPa·s/m² for thickness up to 60 mm (AFr10 claims >= 10; both recorded; model uses the table),427.61,6000.0,0.904000,stosilent_transparent_upper_bound,2500,0.786532,0.786234,,,0.6857,0.5992,-13.00
nh60_flex60,0,0,60.0,60.0,60000.0,declared minimum; the true value may be higher,5000.0,Flex table 5 kPa·s/m² for thickness up to 60 mm (AFr10 claims >= 10; both recorded; model uses the table),427.61,6000.0,0.904000,stosilent_transparent_upper_bound,3150,0.809287,0.809419,,,0.6664,0.5798,-13.00
nh60_flex60,0,0,60.0,60.0,60000.0,declared minimum; the true value may be higher,5000.0,Flex table 5 kPa·s/m² for thickness up to 60 mm (AFr10 claims >= 10; both recorded; model uses the table),427.61,6000.0,0.904000,stosilent_transparent_upper_bound,4000,0.829116,0.829080,,,0.6505,0.5637,-13.00
nh80_flex40,0,0,80.0,40.0,60000.0,declared minimum; the true value may be higher,5000.0,Flex table 5 kPa·s/m² for thickness up to 60 mm (AFr10 claims >= 10; both recorded; model uses the table),407.61,6000.0,0.904000,stosilent_transparent_upper_bound,63,0.232608,0.214742,out of Miki range: naturheld 140,out of Miki range: soffit naturheld 140,2.1835,2.0997,-13.00
nh80_flex40,0,0,80.0,40.0,60000.0,declared minimum; the true value may be higher,5000.0,Flex table 5 kPa·s/m² for thickness up to 60 mm (AFr10 claims >= 10; both recorded; model uses the table),407.61,6000.0,0.904000,stosilent_transparent_upper_bound,80,0.187212,0.233643,out of Miki range: naturheld 140,out of Miki range: soffit naturheld 140,2.7344,2.6509,-13.00
nh80_flex40,0,0,80.0,40.0,60000.0,declared minimum; the true value may be higher,5000.0,Flex table 5 kPa·s/m² for thickness up to 60 mm (AFr10 claims >= 10; both recorded; model uses the table),407.61,6000.0,0.904000,stosilent_transparent_upper_bound,100,0.186196,0.254861,out of Miki range: naturheld 140,out of Miki range: soffit naturheld 140,2.7746,2.6910,-13.00
nh80_flex40,0,0,80.0,40.0,60000.0,declared minimum; the true value may be higher,5000.0,Flex table 5 kPa·s/m² for thickness up to 60 mm (AFr10 claims >= 10; both recorded; model uses the table),407.61,6000.0,0.904000,stosilent_transparent_upper_bound,125,0.278204,0.280002,out of Miki range: naturheld 140,out of Miki range: soffit naturheld 140,1.9239,1.8399,-13.00
nh80_flex40,0,0,80.0,40.0,60000.0,declared minimum; the true value may be higher,5000.0,Flex table 5 kPa·s/m² for thickness up to 60 mm (AFr10 claims >= 10; both recorded; model uses the table),407.61,6000.0,0.904000,stosilent_transparent_upper_bound,160,0.328974,0.312366,out of Miki range: naturheld 140,out of Miki range: soffit naturheld 140,1.6396,1.5555,-13.00
nh80_flex40,0,0,80.0,40.0,60000.0,declared minimum; the true value may be higher,5000.0,Flex table 5 kPa·s/m² for thickness up to 60 mm (AFr10 claims >= 10; both recorded; model uses the table),407.61,6000.0,0.904000,stosilent_transparent_upper_bound,200,0.366247,0.345753,out of Miki range: naturheld 140,out of Miki range: soffit naturheld 140,1.4757,1.3913,-13.00
nh80_flex40,0,0,80.0,40.0,60000.0,declared minimum; the true value may be higher,5000.0,Flex table 5 kPa·s/m² for thickness up to 60 mm (AFr10 claims >= 10; both recorded; model uses the table),407.61,6000.0,0.904000,stosilent_transparent_upper_bound,250,0.402134,0.383764,out of Miki range: naturheld 140,out of Miki range: soffit naturheld 140,1.3441,1.2595,-13.00
nh80_flex40,0,0,80.0,40.0,60000.0,declared minimum; the true value may be higher,5000.0,Flex table 5 kPa·s/m² for thickness up to 60 mm (AFr10 claims >= 10; both recorded; model uses the table),407.61,6000.0,0.904000,stosilent_transparent_upper_bound,315,0.440337,0.428542,out of Miki range: naturheld 140,out of Miki range: soffit naturheld 140,1.2264,1.1417,-13.00
nh80_flex40,0,0,80.0,40.0,60000.0,declared minimum; the true value may be higher,5000.0,Flex table 5 kPa·s/m² for thickness up to 60 mm (AFr10 claims >= 10; both recorded; model uses the table),407.61,6000.0,0.904000,stosilent_transparent_upper_bound,400,0.482420,0.478261,out of Miki range: naturheld 140,out of Miki range: soffit naturheld 140,1.1183,1.0334,-13.00
nh80_flex40,0,0,80.0,40.0,60000.0,declared minimum; the true value may be higher,5000.0,Flex table 5 kPa·s/m² for thickness up to 60 mm (AFr10 claims >= 10; both recorded; model uses the table),407.61,6000.0,0.904000,stosilent_transparent_upper_bound,500,0.524602,0.525576,out of Miki range: naturheld 140,out of Miki range: soffit naturheld 140,1.0278,0.9426,-13.00
nh80_flex40,0,0,80.0,40.0,60000.0,declared minimum; the true value may be higher,5000.0,Flex table 5 kPa·s/m² for thickness up to 60 mm (AFr10 claims >= 10; both recorded; model uses the table),407.61,6000.0,0.904000,stosilent_transparent_upper_bound,630,0.570424,0.573210,,,0.9451,0.8597,-13.00
nh80_flex40,0,0,80.0,40.0,60000.0,declared minimum; the true value may be higher,5000.0,Flex table 5 kPa·s/m² for thickness up to 60 mm (AFr10 claims >= 10; both recorded; model uses the table),407.61,6000.0,0.904000,stosilent_transparent_upper_bound,800,0.617596,0.619114,,,0.8730,0.7874,-13.00
nh80_flex40,0,0,80.0,40.0,60000.0,declared minimum; the true value may be higher,5000.0,Flex table 5 kPa·s/m² for thickness up to 60 mm (AFr10 claims >= 10; both recorded; model uses the table),407.61,6000.0,0.904000,stosilent_transparent_upper_bound,1000,0.658570,0.658362,,,0.8189,0.7330,-13.00
nh80_flex40,0,0,80.0,40.0,60000.0,declared minimum; the true value may be higher,5000.0,Flex table 5 kPa·s/m² for thickness up to 60 mm (AFr10 claims >= 10; both recorded; model uses the table),407.61,6000.0,0.904000,stosilent_transparent_upper_bound,1250,0.695008,0.694463,,,0.7760,0.6900,-13.00
nh80_flex40,0,0,80.0,40.0,60000.0,declared minimum; the true value may be higher,5000.0,Flex table 5 kPa·s/m² for thickness up to 60 mm (AFr10 claims >= 10; both recorded; model uses the table),407.61,6000.0,0.904000,stosilent_transparent_upper_bound,1600,0.730987,0.731103,,,0.7378,0.6516,-13.00
nh80_flex40,0,0,80.0,40.0,60000.0,declared minimum; the true value may be higher,5000.0,Flex table 5 kPa·s/m² for thickness up to 60 mm (AFr10 claims >= 10; both recorded; model uses the table),407.61,6000.0,0.904000,stosilent_transparent_upper_bound,2000,0.760725,0.760792,,,0.7090,0.6226,-13.00
nh80_flex40,0,0,80.0,40.0,60000.0,declared minimum; the true value may be higher,5000.0,Flex table 5 kPa·s/m² for thickness up to 60 mm (AFr10 claims >= 10; both recorded; model uses the table),407.61,6000.0,0.904000,stosilent_transparent_upper_bound,2500,0.786639,0.786586,,,0.6856,0.5991,-13.00
nh80_flex40,0,0,80.0,40.0,60000.0,declared minimum; the true value may be higher,5000.0,Flex table 5 kPa·s/m² for thickness up to 60 mm (AFr10 claims >= 10; both recorded; model uses the table),407.61,6000.0,0.904000,stosilent_transparent_upper_bound,3150,0.809326,0.809341,,,0.6664,0.5797,-13.00
nh80_flex40,0,0,80.0,40.0,60000.0,declared minimum; the true value may be higher,5000.0,Flex table 5 kPa·s/m² for thickness up to 60 mm (AFr10 claims >= 10; both recorded; model uses the table),407.61,6000.0,0.904000,stosilent_transparent_upper_bound,4000,0.829058,0.829064,,,0.6505,0.5638,-13.00
nh80_flex60,0,0,80.0,60.0,60000.0,declared minimum; the true value may be higher,5000.0,Flex table 5 kPa·s/m² for thickness up to 60 mm (AFr10 claims >= 10; both recorded; model uses the table),407.61,6000.0,0.904000,stosilent_transparent_upper_bound,63,0.230684,0.214742,out of Miki range: naturheld 140,out of Miki range: soffit naturheld 140,2.1876,2.1040,-33.00
nh80_flex60,0,0,80.0,60.0,60000.0,declared minimum; the true value may be higher,5000.0,Flex table 5 kPa·s/m² for thickness up to 60 mm (AFr10 claims >= 10; both recorded; model uses the table),407.61,6000.0,0.904000,stosilent_transparent_upper_bound,80,0.163885,0.233643,out of Miki range: naturheld 140,out of Miki range: soffit naturheld 140,3.0563,2.9730,-33.00
nh80_flex60,0,0,80.0,60.0,60000.0,declared minimum; the true value may be higher,5000.0,Flex table 5 kPa·s/m² for thickness up to 60 mm (AFr10 claims >= 10; both recorded; model uses the table),407.61,6000.0,0.904000,stosilent_transparent_upper_bound,100,0.228015,0.254861,out of Miki range: naturheld 140,out of Miki range: soffit naturheld 140,2.2959,2.2124,-33.00
nh80_flex60,0,0,80.0,60.0,60000.0,declared minimum; the true value may be higher,5000.0,Flex table 5 kPa·s/m² for thickness up to 60 mm (AFr10 claims >= 10; both recorded; model uses the table),407.61,6000.0,0.904000,stosilent_transparent_upper_bound,125,0.289240,0.280002,out of Miki range: naturheld 140,out of Miki range: soffit naturheld 140,1.8438,1.7601,-33.00
nh80_flex60,0,0,80.0,60.0,60000.0,declared minimum; the true value may be higher,5000.0,Flex table 5 kPa·s/m² for thickness up to 60 mm (AFr10 claims >= 10; both recorded; model uses the table),407.61,6000.0,0.904000,stosilent_transparent_upper_bound,160,0.329443,0.312366,out of Miki range: naturheld 140,out of Miki range: soffit naturheld 140,1.6270,1.5430,-33.00
nh80_flex60,0,0,80.0,60.0,60000.0,declared minimum; the true value may be higher,5000.0,Flex table 5 kPa·s/m² for thickness up to 60 mm (AFr10 claims >= 10; both recorded; model uses the table),407.61,6000.0,0.904000,stosilent_transparent_upper_bound,200,0.362738,0.345753,out of Miki range: naturheld 140,out of Miki range: soffit naturheld 140,1.4794,1.3953,-33.00
nh80_flex60,0,0,80.0,60.0,60000.0,declared minimum; the true value may be higher,5000.0,Flex table 5 kPa·s/m² for thickness up to 60 mm (AFr10 claims >= 10; both recorded; model uses the table),407.61,6000.0,0.904000,stosilent_transparent_upper_bound,250,0.397064,0.383764,out of Miki range: naturheld 140,out of Miki range: soffit naturheld 140,1.3514,1.2671,-33.00
nh80_flex60,0,0,80.0,60.0,60000.0,declared minimum; the true value may be higher,5000.0,Flex table 5 kPa·s/m² for thickness up to 60 mm (AFr10 claims >= 10; both recorded; model uses the table),407.61,6000.0,0.904000,stosilent_transparent_upper_bound,315,0.435432,0.428542,out of Miki range: naturheld 140,out of Miki range: soffit naturheld 140,1.2313,1.1469,-33.00
nh80_flex60,0,0,80.0,60.0,60000.0,declared minimum; the true value may be higher,5000.0,Flex table 5 kPa·s/m² for thickness up to 60 mm (AFr10 claims >= 10; both recorded; model uses the table),407.61,6000.0,0.904000,stosilent_transparent_upper_bound,400,0.479063,0.478261,out of Miki range: naturheld 140,out of Miki range: soffit naturheld 140,1.1184,1.0337,-33.00
nh80_flex60,0,0,80.0,60.0,60000.0,declared minimum; the true value may be higher,5000.0,Flex table 5 kPa·s/m² for thickness up to 60 mm (AFr10 claims >= 10; both recorded; model uses the table),407.61,6000.0,0.904000,stosilent_transparent_upper_bound,500,0.523293,0.525576,out of Miki range: naturheld 140,out of Miki range: soffit naturheld 140,1.0235,0.9386,-33.00
nh80_flex60,0,0,80.0,60.0,60000.0,declared minimum; the true value may be higher,5000.0,Flex table 5 kPa·s/m² for thickness up to 60 mm (AFr10 claims >= 10; both recorded; model uses the table),407.61,6000.0,0.904000,stosilent_transparent_upper_bound,630,0.570908,0.573210,,,0.9382,0.8531,-33.00
nh80_flex60,0,0,80.0,60.0,60000.0,declared minimum; the true value may be higher,5000.0,Flex table 5 kPa·s/m² for thickness up to 60 mm (AFr10 claims >= 10; both recorded; model uses the table),407.61,6000.0,0.904000,stosilent_transparent_upper_bound,800,0.618684,0.619114,,,0.8660,0.7806,-33.00
nh80_flex60,0,0,80.0,60.0,60000.0,declared minimum; the true value may be higher,5000.0,Flex table 5 kPa·s/m² for thickness up to 60 mm (AFr10 claims >= 10; both recorded; model uses the table),407.61,6000.0,0.904000,stosilent_transparent_upper_bound,1000,0.659020,0.658362,,,0.8131,0.7275,-33.00
nh80_flex60,0,0,80.0,60.0,60000.0,declared minimum; the true value may be higher,5000.0,Flex table 5 kPa·s/m² for thickness up to 60 mm (AFr10 claims >= 10; both recorded; model uses the table),407.61,6000.0,0.904000,stosilent_transparent_upper_bound,1250,0.694666,0.694463,,,0.7713,0.6855,-33.00
nh80_flex60,0,0,80.0,60.0,60000.0,declared minimum; the true value may be higher,5000.0,Flex table 5 kPa·s/m² for thickness up to 60 mm (AFr10 claims >= 10; both recorded; model uses the table),407.61,6000.0,0.904000,stosilent_transparent_upper_bound,1600,0.730891,0.731103,,,0.7331,0.6471,-33.00
nh80_flex60,0,0,80.0,60.0,60000.0,declared minimum; the true value may be higher,5000.0,Flex table 5 kPa·s/m² for thickness up to 60 mm (AFr10 claims >= 10; both recorded; model uses the table),407.61,6000.0,0.904000,stosilent_transparent_upper_bound,2000,0.760888,0.760792,,,0.7042,0.6181,-33.00
nh80_flex60,0,0,80.0,60.0,60000.0,declared minimum; the true value may be higher,5000.0,Flex table 5 kPa·s/m² for thickness up to 60 mm (AFr10 claims >= 10; both recorded; model uses the table),407.61,6000.0,0.904000,stosilent_transparent_upper_bound,2500,0.786548,0.786586,,,0.6813,0.5950,-33.00
nh80_flex60,0,0,80.0,60.0,60000.0,declared minimum; the true value may be higher,5000.0,Flex table 5 kPa·s/m² for thickness up to 60 mm (AFr10 claims >= 10; both recorded; model uses the table),407.61,6000.0,0.904000,stosilent_transparent_upper_bound,3150,0.809352,0.809341,,,0.6621,0.5756,-33.00
nh80_flex60,0,0,80.0,60.0,60000.0,declared minimum; the true value may be higher,5000.0,Flex table 5 kPa·s/m² for thickness up to 60 mm (AFr10 claims >= 10; both recorded; model uses the table),407.61,6000.0,0.904000,stosilent_transparent_upper_bound,4000,0.829067,0.829064,,,0.6463,0.5598,-33.00
as_built_sigma75_wall140_analogue,0,1,60.0,40.0,75000.0,"sensitivity: best wood WALL 140 analogue at 75 kPa·s/m² (AFr75, density 140 kg/m³, still a bound, not a Naturheld measurement)",5000.0,Flex table 5 kPa·s/m² for thickness up to 60 mm (AFr10 claims >= 10; both recorded; model uses the table),427.61,6000.0,0.904000,stosilent_transparent_upper_bound,63,0.228368,0.207431,out of Miki range: naturheld 140,out of Miki range: soffit naturheld 140,2.2356,2.1515,7.00
as_built_sigma75_wall140_analogue,0,1,60.0,40.0,75000.0,"sensitivity: best wood WALL 140 analogue at 75 kPa·s/m² (AFr75, density 140 kg/m³, still a bound, not a Naturheld measurement)",5000.0,Flex table 5 kPa·s/m² for thickness up to 60 mm (AFr10 claims >= 10; both recorded; model uses the table),427.61,6000.0,0.904000,stosilent_transparent_upper_bound,80,0.195838,0.223398,out of Miki range: naturheld 140,out of Miki range: soffit naturheld 140,2.6513,2.5674,7.00
as_built_sigma75_wall140_analogue,0,1,60.0,40.0,75000.0,"sensitivity: best wood WALL 140 analogue at 75 kPa·s/m² (AFr75, density 140 kg/m³, still a bound, not a Naturheld measurement)",5000.0,Flex table 5 kPa·s/m² for thickness up to 60 mm (AFr10 claims >= 10; both recorded; model uses the table),427.61,6000.0,0.904000,stosilent_transparent_upper_bound,100,0.125604,0.240962,out of Miki range: naturheld 140,out of Miki range: soffit naturheld 140,3.9644,3.8809,7.00
as_built_sigma75_wall140_analogue,0,1,60.0,40.0,75000.0,"sensitivity: best wood WALL 140 analogue at 75 kPa·s/m² (AFr75, density 140 kg/m³, still a bound, not a Naturheld measurement)",5000.0,Flex table 5 kPa·s/m² for thickness up to 60 mm (AFr10 claims >= 10; both recorded; model uses the table),427.61,6000.0,0.904000,stosilent_transparent_upper_bound,125,0.233828,0.261506,out of Miki range: naturheld 140,out of Miki range: soffit naturheld 140,2.2837,2.1997,7.00
as_built_sigma75_wall140_analogue,0,1,60.0,40.0,75000.0,"sensitivity: best wood WALL 140 analogue at 75 kPa·s/m² (AFr75, density 140 kg/m³, still a bound, not a Naturheld measurement)",5000.0,Flex table 5 kPa·s/m² for thickness up to 60 mm (AFr10 claims >= 10; both recorded; model uses the table),427.61,6000.0,0.904000,stosilent_transparent_upper_bound,160,0.292390,0.287720,out of Miki range: naturheld 140,out of Miki range: soffit naturheld 140,1.8517,1.7674,7.00
as_built_sigma75_wall140_analogue,0,1,60.0,40.0,75000.0,"sensitivity: best wood WALL 140 analogue at 75 kPa·s/m² (AFr75, density 140 kg/m³, still a bound, not a Naturheld measurement)",5000.0,Flex table 5 kPa·s/m² for thickness up to 60 mm (AFr10 claims >= 10; both recorded; model uses the table),427.61,6000.0,0.904000,stosilent_transparent_upper_bound,200,0.331703,0.314680,out of Miki range: naturheld 140,out of Miki range: soffit naturheld 140,1.6390,1.5546,7.00
as_built_sigma75_wall140_analogue,0,1,60.0,40.0,75000.0,"sensitivity: best wood WALL 140 analogue at 75 kPa·s/m² (AFr75, density 140 kg/m³, still a bound, not a Naturheld measurement)",5000.0,Flex table 5 kPa·s/m² for thickness up to 60 mm (AFr10 claims >= 10; both recorded; model uses the table),427.61,6000.0,0.904000,stosilent_transparent_upper_bound,250,0.367310,0.345792,out of Miki range: naturheld 140,out of Miki range: soffit naturheld 140,1.4821,1.3975,7.00
as_built_sigma75_wall140_analogue,0,1,60.0,40.0,75000.0,"sensitivity: best wood WALL 140 analogue at 75 kPa·s/m² (AFr75, density 140 kg/m³, still a bound, not a Naturheld measurement)",5000.0,Flex table 5 kPa·s/m² for thickness up to 60 mm (AFr10 claims >= 10; both recorded; model uses the table),427.61,6000.0,0.904000,stosilent_transparent_upper_bound,315,0.403504,0.384083,out of Miki range: naturheld 140,out of Miki range: soffit naturheld 140,1.3488,1.2641,7.00
as_built_sigma75_wall140_analogue,0,1,60.0,40.0,75000.0,"sensitivity: best wood WALL 140 analogue at 75 kPa·s/m² (AFr75, density 140 kg/m³, still a bound, not a Naturheld measurement)",5000.0,Flex table 5 kPa·s/m² for thickness up to 60 mm (AFr10 claims >= 10; both recorded; model uses the table),427.61,6000.0,0.904000,stosilent_transparent_upper_bound,400,0.442208,0.429381,out of Miki range: naturheld 140,out of Miki range: soffit naturheld 140,1.2295,1.1445,7.00
as_built_sigma75_wall140_analogue,0,1,60.0,40.0,75000.0,"sensitivity: best wood WALL 140 analogue at 75 kPa·s/m² (AFr75, density 140 kg/m³, still a bound, not a Naturheld measurement)",5000.0,Flex table 5 kPa·s/m² for thickness up to 60 mm (AFr10 claims >= 10; both recorded; model uses the table),427.61,6000.0,0.904000,stosilent_transparent_upper_bound,500,0.480903,0.475392,out of Miki range: naturheld 140,out of Miki range: soffit naturheld 140,1.1294,1.0442,7.00
as_built_sigma75_wall140_analogue,0,1,60.0,40.0,75000.0,"sensitivity: best wood WALL 140 analogue at 75 kPa·s/m² (AFr75, density 140 kg/m³, still a bound, not a Naturheld measurement)",5000.0,Flex table 5 kPa·s/m² for thickness up to 60 mm (AFr10 claims >= 10; both recorded; model uses the table),427.61,6000.0,0.904000,stosilent_transparent_upper_bound,630,0.524295,0.524983,out of Miki range: naturheld 140,out of Miki range: soffit naturheld 140,1.0351,0.9497,7.00
as_built_sigma75_wall140_analogue,0,1,60.0,40.0,75000.0,"sensitivity: best wood WALL 140 analogue at 75 kPa·s/m² (AFr75, density 140 kg/m³, still a bound, not a Naturheld measurement)",5000.0,Flex table 5 kPa·s/m² for thickness up to 60 mm (AFr10 claims >= 10; both recorded; model uses the table),427.61,6000.0,0.904000,stosilent_transparent_upper_bound,800,0.572079,0.575301,,,0.9484,0.8628,7.00
as_built_sigma75_wall140_analogue,0,1,60.0,40.0,75000.0,"sensitivity: best wood WALL 140 analogue at 75 kPa·s/m² (AFr75, density 140 kg/m³, still a bound, not a Naturheld measurement)",5000.0,Flex table 5 kPa·s/m² for thickness up to 60 mm (AFr10 claims >= 10; both recorded; model uses the table),427.61,6000.0,0.904000,stosilent_transparent_upper_bound,1000,0.617061,0.619117,,,0.8794,0.7935,7.00
as_built_sigma75_wall140_analogue,0,1,60.0,40.0,75000.0,"sensitivity: best wood WALL 140 analogue at 75 kPa·s/m² (AFr75, density 140 kg/m³, still a bound, not a Naturheld measurement)",5000.0,Flex table 5 kPa·s/m² for thickness up to 60 mm (AFr10 claims >= 10; both recorded; model uses the table),427.61,6000.0,0.904000,stosilent_transparent_upper_bound,1250,0.658996,0.658862,,,0.8237,0.7376,7.00
as_built_sigma75_wall140_analogue,0,1,60.0,40.0,75000.0,"sensitivity: best wood WALL 140 analogue at 75 kPa·s/m² (AFr75, density 140 kg/m³, still a bound, not a Naturheld measurement)",5000.0,Flex table 5 kPa·s/m² for thickness up to 60 mm (AFr10 claims >= 10; both recorded; model uses the table),427.61,6000.0,0.904000,stosilent_transparent_upper_bound,1600,0.699166,0.698447,,,0.7764,0.6901,7.00
as_built_sigma75_wall140_analogue,0,1,60.0,40.0,75000.0,"sensitivity: best wood WALL 140 analogue at 75 kPa·s/m² (AFr75, density 140 kg/m³, still a bound, not a Naturheld measurement)",5000.0,Flex table 5 kPa·s/m² for thickness up to 60 mm (AFr10 claims >= 10; both recorded; model uses the table),427.61,6000.0,0.904000,stosilent_transparent_upper_bound,2000,0.730904,0.731061,,,0.7426,0.6562,7.00
as_built_sigma75_wall140_analogue,0,1,60.0,40.0,75000.0,"sensitivity: best wood WALL 140 analogue at 75 kPa·s/m² (AFr75, density 140 kg/m³, still a bound, not a Naturheld measurement)",5000.0,Flex table 5 kPa·s/m² for thickness up to 60 mm (AFr10 claims >= 10; both recorded; model uses the table),427.61,6000.0,0.904000,stosilent_transparent_upper_bound,2500,0.760586,0.760689,,,0.7137,0.6270,7.00
as_built_sigma75_wall140_analogue,0,1,60.0,40.0,75000.0,"sensitivity: best wood WALL 140 analogue at 75 kPa·s/m² (AFr75, density 140 kg/m³, still a bound, not a Naturheld measurement)",5000.0,Flex table 5 kPa·s/m² for thickness up to 60 mm (AFr10 claims >= 10; both recorded; model uses the table),427.61,6000.0,0.904000,stosilent_transparent_upper_bound,3150,0.787523,0.787460,,,0.6893,0.6025,7.00
as_built_sigma75_wall140_analogue,0,1,60.0,40.0,75000.0,"sensitivity: best wood WALL 140 analogue at 75 kPa·s/m² (AFr75, density 140 kg/m³, still a bound, not a Naturheld measurement)",5000.0,Flex table 5 kPa·s/m² for thickness up to 60 mm (AFr10 claims >= 10; both recorded; model uses the table),427.61,6000.0,0.904000,stosilent_transparent_upper_bound,4000,0.810762,0.810761,,,0.6695,0.5826,7.00
