option_id,title,buildable,note,duct_clearance_mm,seat,freq_hz,valid_rays,t20_s,t30_s,edt_s,received_hits,energy_checksum,miki_extrapolated,miki_slope,miki_soffit,paris_slope,paris_soffit,paris_bass_kitchen,paris_bass_living,sabine_s_cheap_check,eyring_s_cheap_check,slope_scatter,residual_alpha,n_rays,seed,volume_m3,area_slope_m2,area_soffit_m2,area_bass_kitchen_m2,area_bass_living_m2
as_built,"as built: naturheld 60 mm, Flex 40 mm, battens",1,drawn ceiling,7.0,kitchen,250,1,2.5830,2.1265,0.9539,2744,615.795483,1,naturheld 140,soffit naturheld 140,0.5394,0.5220,0.0045,0.0085,0.818,0.740,0.734,0.03,4000,4100,225.09,66.91,6.85,8.35,8.35
as_built,"as built: naturheld 60 mm, Flex 40 mm, battens",1,drawn ceiling,7.0,living,250,1,2.4270,2.9718,1.1716,2563,467.862720,1,naturheld 140,soffit naturheld 140,0.5394,0.5220,0.0045,0.0085,0.818,0.740,0.734,0.03,4000,4101,225.09,66.91,6.85,8.35,8.35
as_built,"as built: naturheld 60 mm, Flex 40 mm, battens",1,drawn ceiling,7.0,gable_seat,250,1,2.7278,2.7573,1.0064,2704,574.159284,1,naturheld 140,soffit naturheld 140,0.5394,0.5220,0.0045,0.0085,0.818,0.740,0.734,0.03,4000,4102,225.09,66.91,6.85,8.35,8.35
as_built,"as built: naturheld 60 mm, Flex 40 mm, battens",1,drawn ceiling,7.0,kitchen,500,1,2.6228,2.1538,0.8938,2388,557.756102,1,naturheld 140,soffit naturheld 140,0.6449,0.6315,0.0012,0.0020,0.697,0.618,0.996,0.03,4000,4100,225.09,66.91,6.85,8.35,8.35
as_built,"as built: naturheld 60 mm, Flex 40 mm, battens",1,drawn ceiling,7.0,living,500,1,2.2285,2.9828,1.1107,2291,423.564718,1,naturheld 140,soffit naturheld 140,0.6449,0.6315,0.0012,0.0020,0.697,0.618,0.996,0.03,4000,4101,225.09,66.91,6.85,8.35,8.35
as_built,"as built: naturheld 60 mm, Flex 40 mm, battens",1,drawn ceiling,7.0,gable_seat,500,1,2.5087,2.7508,0.9497,2304,541.268733,1,naturheld 140,soffit naturheld 140,0.6449,0.6315,0.0012,0.0020,0.697,0.618,0.996,0.03,4000,4102,225.09,66.91,6.85,8.35,8.35
as_built,"as built: naturheld 60 mm, Flex 40 mm, battens",1,drawn ceiling,7.0,kitchen,1000,1,2.6382,2.7242,0.8624,1969,529.622844,0,,,0.7365,0.7388,0.0006,0.0007,0.616,0.537,0.835,0.03,4000,4100,225.09,66.91,6.85,8.35,8.35
as_built,"as built: naturheld 60 mm, Flex 40 mm, battens",1,drawn ceiling,7.0,living,1000,1,2.2743,2.9396,1.1207,1836,396.422604,0,,,0.7365,0.7388,0.0006,0.0007,0.616,0.537,0.835,0.03,4000,4101,225.09,66.91,6.85,8.35,8.35
as_built,"as built: naturheld 60 mm, Flex 40 mm, battens",1,drawn ceiling,7.0,gable_seat,1000,1,2.3446,2.7681,0.9103,1984,506.668908,0,,,0.7365,0.7388,0.0006,0.0007,0.616,0.537,0.835,0.03,4000,4102,225.09,66.91,6.85,8.35,8.35
as_built,"as built: naturheld 60 mm, Flex 40 mm, battens",1,drawn ceiling,7.0,kitchen,2000,1,2.9490,3.1061,0.8385,1825,503.478616,0,,,0.8031,0.8028,0.0002,0.0003,0.568,0.489,0.433,0.03,4000,4100,225.09,66.91,6.85,8.35,8.35
as_built,"as built: naturheld 60 mm, Flex 40 mm, battens",1,drawn ceiling,7.0,living,2000,1,2.1659,2.9439,0.9956,1628,366.463589,0,,,0.8031,0.8028,0.0002,0.0003,0.568,0.489,0.433,0.03,4000,4101,225.09,66.91,6.85,8.35,8.35
as_built,"as built: naturheld 60 mm, Flex 40 mm, battens",1,drawn ceiling,7.0,gable_seat,2000,1,2.6026,2.7718,0.8913,1767,482.958002,0,,,0.8031,0.8028,0.0002,0.0003,0.568,0.489,0.433,0.03,4000,4102,225.09,66.91,6.85,8.35,8.35
nh40_flex40,"naturheld 40 mm, Flex 40 mm, battens",1,"thinner board, buildable on the duct check",27.0,kitchen,250,1,2.6138,2.3247,0.9585,2770,617.263201,1,naturheld 140,soffit naturheld 140,0.5349,0.5220,0.0045,0.0085,0.824,0.746,0.734,0.03,4000,4100,225.09,66.91,6.85,8.35,8.35
nh40_flex40,"naturheld 40 mm, Flex 40 mm, battens",1,"thinner board, buildable on the duct check",27.0,living,250,1,2.3064,2.9713,1.1629,2689,469.094332,1,naturheld 140,soffit naturheld 140,0.5349,0.5220,0.0045,0.0085,0.824,0.746,0.734,0.03,4000,4101,225.09,66.91,6.85,8.35,8.35
nh40_flex40,"naturheld 40 mm, Flex 40 mm, battens",1,"thinner board, buildable on the duct check",27.0,gable_seat,250,1,2.7271,2.7557,1.0156,2766,576.569254,1,naturheld 140,soffit naturheld 140,0.5349,0.5220,0.0045,0.0085,0.824,0.746,0.734,0.03,4000,4102,225.09,66.91,6.85,8.35,8.35
nh40_flex40,"naturheld 40 mm, Flex 40 mm, battens",1,"thinner board, buildable on the duct check",27.0,kitchen,500,1,2.6518,2.1559,0.8886,2264,551.002547,1,naturheld 140,soffit naturheld 140,0.6659,0.6315,0.0012,0.0020,0.678,0.600,0.996,0.03,4000,4100,225.09,66.91,6.85,8.35,8.35
nh40_flex40,"naturheld 40 mm, Flex 40 mm, battens",1,"thinner board, buildable on the duct check",27.0,living,500,1,2.2379,2.9842,1.1211,2210,417.998487,1,naturheld 140,soffit naturheld 140,0.6659,0.6315,0.0012,0.0020,0.678,0.600,0.996,0.03,4000,4101,225.09,66.91,6.85,8.35,8.35
nh40_flex40,"naturheld 40 mm, Flex 40 mm, battens",1,"thinner board, buildable on the duct check",27.0,gable_seat,500,1,2.5185,2.7543,0.9448,2268,534.188432,1,naturheld 140,soffit naturheld 140,0.6659,0.6315,0.0012,0.0020,0.678,0.600,0.996,0.03,4000,4102,225.09,66.91,6.85,8.35,8.35
nh40_flex40,"naturheld 40 mm, Flex 40 mm, battens",1,"thinner board, buildable on the duct check",27.0,kitchen,1000,1,2.6278,2.1624,0.8682,1979,530.941913,0,,,0.7351,0.7388,0.0006,0.0007,0.617,0.538,0.835,0.03,4000,4100,225.09,66.91,6.85,8.35,8.35
nh40_flex40,"naturheld 40 mm, Flex 40 mm, battens",1,"thinner board, buildable on the duct check",27.0,living,1000,1,4.3277,3.2004,1.1272,1859,397.774645,0,,,0.7351,0.7388,0.0006,0.0007,0.617,0.538,0.835,0.03,4000,4101,225.09,66.91,6.85,8.35,8.35
nh40_flex40,"naturheld 40 mm, Flex 40 mm, battens",1,"thinner board, buildable on the duct check",27.0,gable_seat,1000,1,2.5420,2.7668,0.9215,1982,508.668852,0,,,0.7351,0.7388,0.0006,0.0007,0.617,0.538,0.835,0.03,4000,4102,225.09,66.91,6.85,8.35,8.35
nh40_flex40,"naturheld 40 mm, Flex 40 mm, battens",1,"thinner board, buildable on the duct check",27.0,kitchen,2000,1,2.6496,3.1066,0.8352,1769,502.942907,0,,,0.8019,0.8028,0.0002,0.0003,0.569,0.490,0.433,0.03,4000,4100,225.09,66.91,6.85,8.35,8.35
nh40_flex40,"naturheld 40 mm, Flex 40 mm, battens",1,"thinner board, buildable on the duct check",27.0,living,2000,1,2.1600,2.9436,0.9989,1640,366.874787,0,,,0.8019,0.8028,0.0002,0.0003,0.569,0.490,0.433,0.03,4000,4101,225.09,66.91,6.85,8.35,8.35
nh40_flex40,"naturheld 40 mm, Flex 40 mm, battens",1,"thinner board, buildable on the duct check",27.0,gable_seat,2000,1,2.5978,2.7718,0.8885,1763,482.732962,0,,,0.8019,0.8028,0.0002,0.0003,0.569,0.490,0.433,0.03,4000,4102,225.09,66.91,6.85,8.35,8.35
nh40_flex60,"naturheld 40 mm, Flex 60 mm, battens",1,"deeper Flex, still clear of the ducts",7.0,kitchen,250,1,2.6246,2.3315,0.9408,2722,604.105070,1,naturheld 140,soffit naturheld 140,0.5671,0.5220,0.0045,0.0085,0.785,0.707,0.734,0.03,4000,4100,225.09,66.91,6.85,8.35,8.35
nh40_flex60,"naturheld 40 mm, Flex 60 mm, battens",1,"deeper Flex, still clear of the ducts",7.0,living,250,1,2.3116,2.9764,1.1386,2500,455.983260,1,naturheld 140,soffit naturheld 140,0.5671,0.5220,0.0045,0.0085,0.785,0.707,0.734,0.03,4000,4101,225.09,66.91,6.85,8.35,8.35
nh40_flex60,"naturheld 40 mm, Flex 60 mm, battens",1,"deeper Flex, still clear of the ducts",7.0,gable_seat,250,1,2.5489,2.7625,0.9952,2672,563.672806,1,naturheld 140,soffit naturheld 140,0.5671,0.5220,0.0045,0.0085,0.785,0.707,0.734,0.03,4000,4102,225.09,66.91,6.85,8.35,8.35
nh40_flex60,"naturheld 40 mm, Flex 60 mm, battens",1,"deeper Flex, still clear of the ducts",7.0,kitchen,500,1,2.6513,2.1558,0.8867,2199,551.674447,1,naturheld 140,soffit naturheld 140,0.6641,0.6315,0.0012,0.0020,0.680,0.602,0.996,0.03,4000,4100,225.09,66.91,6.85,8.35,8.35
nh40_flex60,"naturheld 40 mm, Flex 60 mm, battens",1,"deeper Flex, still clear of the ducts",7.0,living,500,1,2.2310,2.9845,1.1133,2206,417.996125,1,naturheld 140,soffit naturheld 140,0.6641,0.6315,0.0012,0.0020,0.680,0.602,0.996,0.03,4000,4101,225.09,66.91,6.85,8.35,8.35
nh40_flex60,"naturheld 40 mm, Flex 60 mm, battens",1,"deeper Flex, still clear of the ducts",7.0,gable_seat,500,1,2.5152,2.7540,0.9448,2302,535.069650,1,naturheld 140,soffit naturheld 140,0.6641,0.6315,0.0012,0.0020,0.680,0.602,0.996,0.03,4000,4102,225.09,66.91,6.85,8.35,8.35
nh40_flex60,"naturheld 40 mm, Flex 60 mm, battens",1,"deeper Flex, still clear of the ducts",7.0,kitchen,1000,1,2.6709,2.7229,0.8642,2058,532.744089,0,,,0.7264,0.7388,0.0006,0.0007,0.623,0.544,0.835,0.03,4000,4100,225.09,66.91,6.85,8.35,8.35
nh40_flex60,"naturheld 40 mm, Flex 60 mm, battens",1,"deeper Flex, still clear of the ducts",7.0,living,1000,1,2.2719,2.9399,1.0726,1863,398.228322,0,,,0.7264,0.7388,0.0006,0.0007,0.623,0.544,0.835,0.03,4000,4101,225.09,66.91,6.85,8.35,8.35
nh40_flex60,"naturheld 40 mm, Flex 60 mm, battens",1,"deeper Flex, still clear of the ducts",7.0,gable_seat,1000,1,2.5422,2.7671,0.9092,2038,509.396553,0,,,0.7264,0.7388,0.0006,0.0007,0.623,0.544,0.835,0.03,4000,4102,225.09,66.91,6.85,8.35,8.35
nh40_flex60,"naturheld 40 mm, Flex 60 mm, battens",1,"deeper Flex, still clear of the ducts",7.0,kitchen,2000,1,2.6759,3.1062,0.8404,1778,503.243832,0,,,0.8045,0.8028,0.0002,0.0003,0.568,0.489,0.433,0.03,4000,4100,225.09,66.91,6.85,8.35,8.35
nh40_flex60,"naturheld 40 mm, Flex 60 mm, battens",1,"deeper Flex, still clear of the ducts",7.0,living,2000,1,2.2971,3.1666,1.0027,1599,366.684507,0,,,0.8045,0.8028,0.0002,0.0003,0.568,0.489,0.433,0.03,4000,4101,225.09,66.91,6.85,8.35,8.35
nh40_flex60,"naturheld 40 mm, Flex 60 mm, battens",1,"deeper Flex, still clear of the ducts",7.0,gable_seat,2000,1,2.3697,2.7722,0.8872,1737,481.880465,0,,,0.8045,0.8028,0.0002,0.0003,0.568,0.489,0.433,0.03,4000,4102,225.09,66.91,6.85,8.35,8.35
no_flex,"remove Flex and the battens; board, foil and gypsum remain",1,"gypsum is carried by the CD grid and the hangers, not by the Flex latě; no replacement battens; no 40 mm cavity",47.0,kitchen,250,1,3.1897,3.1489,1.0400,2943,630.274257,1,naturheld 140,soffit naturheld 140,0.5289,0.5220,0.0045,0.0085,0.831,0.754,0.000,0.03,4000,4100,225.09,66.91,6.85,8.35,8.35
no_flex,"remove Flex and the battens; board, foil and gypsum remain",1,"gypsum is carried by the CD grid and the hangers, not by the Flex latě; no replacement battens; no 40 mm cavity",47.0,living,250,1,4.2822,3.1594,1.1975,2805,482.702134,1,naturheld 140,soffit naturheld 140,0.5289,0.5220,0.0045,0.0085,0.831,0.754,0.000,0.03,4000,4101,225.09,66.91,6.85,8.35,8.35
no_flex,"remove Flex and the battens; board, foil and gypsum remain",1,"gypsum is carried by the CD grid and the hangers, not by the Flex latě; no replacement battens; no 40 mm cavity",47.0,gable_seat,250,1,2.7117,2.7447,1.0534,2988,604.920561,1,naturheld 140,soffit naturheld 140,0.5289,0.5220,0.0045,0.0085,0.831,0.754,0.000,0.03,4000,4102,225.09,66.91,6.85,8.35,8.35
no_flex,"remove Flex and the battens; board, foil and gypsum remain",1,"gypsum is carried by the CD grid and the hangers, not by the Flex latě; no replacement battens; no 40 mm cavity",47.0,kitchen,500,1,3.2446,3.1832,0.9877,2161,555.481161,1,naturheld 140,soffit naturheld 140,0.7321,0.6315,0.0012,0.0020,0.626,0.548,0.000,0.03,4000,4100,225.09,66.91,6.85,8.35,8.35
no_flex,"remove Flex and the battens; board, foil and gypsum remain",1,"gypsum is carried by the CD grid and the hangers, not by the Flex latě; no replacement battens; no 40 mm cavity",47.0,living,500,1,4.3354,3.1933,1.2031,2009,407.448978,1,naturheld 140,soffit naturheld 140,0.7321,0.6315,0.0012,0.0020,0.626,0.548,0.000,0.03,4000,4101,225.09,66.91,6.85,8.35,8.35
no_flex,"remove Flex and the battens; board, foil and gypsum remain",1,"gypsum is carried by the CD grid and the hangers, not by the Flex latě; no replacement battens; no 40 mm cavity",47.0,gable_seat,500,1,2.7667,2.7576,0.9726,2203,532.141470,1,naturheld 140,soffit naturheld 140,0.7321,0.6315,0.0012,0.0020,0.626,0.548,0.000,0.03,4000,4102,225.09,66.91,6.85,8.35,8.35
no_flex,"remove Flex and the battens; board, foil and gypsum remain",1,"gypsum is carried by the CD grid and the hangers, not by the Flex latě; no replacement battens; no 40 mm cavity",47.0,kitchen,1000,1,3.2544,3.1948,0.9223,1809,521.918722,0,,,0.8227,0.7388,0.0006,0.0007,0.561,0.482,0.000,0.03,4000,4100,225.09,66.91,6.85,8.35,8.35
no_flex,"remove Flex and the battens; board, foil and gypsum remain",1,"gypsum is carried by the CD grid and the hangers, not by the Flex latě; no replacement battens; no 40 mm cavity",47.0,living,1000,1,4.3420,3.2065,1.1939,1662,379.309502,0,,,0.8227,0.7388,0.0006,0.0007,0.561,0.482,0.000,0.03,4000,4101,225.09,66.91,6.85,8.35,8.35
no_flex,"remove Flex and the battens; board, foil and gypsum remain",1,"gypsum is carried by the CD grid and the hangers, not by the Flex latě; no replacement battens; no 40 mm cavity",47.0,gable_seat,1000,1,2.7933,2.7734,0.9515,1842,495.752083,0,,,0.8227,0.7388,0.0006,0.0007,0.561,0.482,0.000,0.03,4000,4102,225.09,66.91,6.85,8.35,8.35
no_flex,"remove Flex and the battens; board, foil and gypsum remain",1,"gypsum is carried by the CD grid and the hangers, not by the Flex latě; no replacement battens; no 40 mm cavity",47.0,kitchen,2000,1,3.0372,3.1145,0.8659,1605,492.524668,0,,,0.8870,0.8028,0.0002,0.0003,0.522,0.443,0.000,0.03,4000,4100,225.09,66.91,6.85,8.35,8.35
no_flex,"remove Flex and the battens; board, foil and gypsum remain",1,"gypsum is carried by the CD grid and the hangers, not by the Flex latě; no replacement battens; no 40 mm cavity",47.0,living,2000,1,3.0697,3.1696,1.1107,1411,353.616491,0,,,0.8870,0.8028,0.0002,0.0003,0.522,0.443,0.000,0.03,4000,4101,225.09,66.91,6.85,8.35,8.35
no_flex,"remove Flex and the battens; board, foil and gypsum remain",1,"gypsum is carried by the CD grid and the hangers, not by the Flex latě; no replacement battens; no 40 mm cavity",47.0,gable_seat,2000,1,2.6099,2.7788,0.9031,1624,465.347949,0,,,0.8870,0.8028,0.0002,0.0003,0.522,0.443,0.000,0.03,4000,4102,225.09,66.91,6.85,8.35,8.35
no_140,remove the naturheld 140 face; keep Flex and battens,1,"the plaster sits on the 140, so the coat goes with the board",67.0,kitchen,250,1,2.4580,2.0441,1.3851,3009,849.269431,1,,soffit naturheld 140,0.2353,0.5220,0.0045,0.0085,1.513,1.437,0.734,0.03,4000,4100,225.09,66.91,6.85,8.35,8.35
no_140,remove the naturheld 140 face; keep Flex and battens,1,"the plaster sits on the 140, so the coat goes with the board",67.0,living,250,1,2.0906,2.8109,1.5123,2847,688.774493,1,,soffit naturheld 140,0.2353,0.5220,0.0045,0.0085,1.513,1.437,0.734,0.03,4000,4101,225.09,66.91,6.85,8.35,8.35
no_140,remove the naturheld 140 face; keep Flex and battens,1,"the plaster sits on the 140, so the coat goes with the board",67.0,gable_seat,250,1,2.4189,2.6590,1.4222,2977,783.003572,1,,soffit naturheld 140,0.2353,0.5220,0.0045,0.0085,1.513,1.437,0.734,0.03,4000,4102,225.09,66.91,6.85,8.35,8.35
no_140,remove the naturheld 140 face; keep Flex and battens,1,"the plaster sits on the 140, so the coat goes with the board",67.0,kitchen,500,1,2.5490,2.1013,1.0372,2948,660.259629,1,,soffit naturheld 140,0.4058,0.6315,0.0012,0.0020,1.006,0.929,0.996,0.03,4000,4100,225.09,66.91,6.85,8.35,8.35
no_140,remove the naturheld 140 face; keep Flex and battens,1,"the plaster sits on the 140, so the coat goes with the board",67.0,living,500,1,2.1579,2.8805,1.1894,2882,525.681199,1,,soffit naturheld 140,0.4058,0.6315,0.0012,0.0020,1.006,0.929,0.996,0.03,4000,4101,225.09,66.91,6.85,8.35,8.35
no_140,remove the naturheld 140 face; keep Flex and battens,1,"the plaster sits on the 140, so the coat goes with the board",67.0,gable_seat,500,1,2.1517,2.7113,1.0614,2941,645.484012,1,,soffit naturheld 140,0.4058,0.6315,0.0012,0.0020,1.006,0.929,0.996,0.03,4000,4102,225.09,66.91,6.85,8.35,8.35
no_140,remove the naturheld 140 face; keep Flex and battens,1,"the plaster sits on the 140, so the coat goes with the board",67.0,kitchen,1000,1,2.5998,2.1483,0.8997,2517,571.060716,0,,,0.5865,0.7388,0.0006,0.0007,0.742,0.664,0.835,0.03,4000,4100,225.09,66.91,6.85,8.35,8.35
no_140,remove the naturheld 140 face; keep Flex and battens,1,"the plaster sits on the 140, so the coat goes with the board",67.0,living,1000,1,2.2520,2.9203,1.0569,2298,436.979634,0,,,0.5865,0.7388,0.0006,0.0007,0.742,0.664,0.835,0.03,4000,4101,225.09,66.91,6.85,8.35,8.35
no_140,remove the naturheld 140 face; keep Flex and battens,1,"the plaster sits on the 140, so the coat goes with the board",67.0,gable_seat,1000,1,2.2204,2.7505,0.9186,2508,547.607444,0,,,0.5865,0.7388,0.0006,0.0007,0.742,0.664,0.835,0.03,4000,4102,225.09,66.91,6.85,8.35,8.35
no_140,remove the naturheld 140 face; keep Flex and battens,1,"the plaster sits on the 140, so the coat goes with the board",67.0,kitchen,2000,1,3.0083,3.0990,0.8752,1990,517.667869,0,,,0.7344,0.8028,0.0002,0.0003,0.613,0.534,0.433,0.03,4000,4100,225.09,66.91,6.85,8.35,8.35
no_140,remove the naturheld 140 face; keep Flex and battens,1,"the plaster sits on the 140, so the coat goes with the board",67.0,living,2000,1,2.6964,3.1577,1.0281,1797,380.534073,0,,,0.7344,0.8028,0.0002,0.0003,0.613,0.534,0.433,0.03,4000,4101,225.09,66.91,6.85,8.35,8.35
no_140,remove the naturheld 140 face; keep Flex and battens,1,"the plaster sits on the 140, so the coat goes with the board",67.0,gable_seat,2000,1,2.1733,2.7605,0.9026,1996,496.484983,0,,,0.7344,0.8028,0.0002,0.0003,0.613,0.534,0.433,0.03,4000,4102,225.09,66.91,6.85,8.35,8.35
gypsum_foil,no Naturheld: foil and gypsum only,1,"no 140, no Flex, no battens, no plaster coat",107.0,kitchen,250,1,2.7069,2.6812,2.7565,3142,1558.680975,1,,soffit naturheld 140,0.0000,0.5220,0.0045,0.0085,4.418,4.343,0.000,0.03,4000,4100,225.09,66.91,6.85,8.35,8.35
gypsum_foil,no Naturheld: foil and gypsum only,1,"no 140, no Flex, no battens, no plaster coat",107.0,living,250,1,2.3000,2.7202,2.8205,3006,1427.336787,1,,soffit naturheld 140,0.0000,0.5220,0.0045,0.0085,4.418,4.343,0.000,0.03,4000,4101,225.09,66.91,6.85,8.35,8.35
gypsum_foil,no Naturheld: foil and gypsum only,1,"no 140, no Flex, no battens, no plaster coat",107.0,gable_seat,250,1,2.2556,2.2551,2.7840,3112,1538.905139,1,,soffit naturheld 140,0.0000,0.5220,0.0045,0.0085,4.418,4.343,0.000,0.03,4000,4102,225.09,66.91,6.85,8.35,8.35
gypsum_foil,no Naturheld: foil and gypsum only,1,"no 140, no Flex, no battens, no plaster coat",107.0,kitchen,500,1,2.6529,2.7170,2.6376,3021,1445.789458,1,,soffit naturheld 140,0.0000,0.6315,0.0012,0.0020,4.086,4.010,0.000,0.03,4000,4100,225.09,66.91,6.85,8.35,8.35
gypsum_foil,no Naturheld: foil and gypsum only,1,"no 140, no Flex, no battens, no plaster coat",107.0,living,500,1,2.3060,2.7466,2.7684,2955,1332.963219,1,,soffit naturheld 140,0.0000,0.6315,0.0012,0.0020,4.086,4.010,0.000,0.03,4000,4101,225.09,66.91,6.85,8.35,8.35
gypsum_foil,no Naturheld: foil and gypsum only,1,"no 140, no Flex, no battens, no plaster coat",107.0,gable_seat,500,1,2.2929,2.2947,2.7303,3139,1459.021068,1,,soffit naturheld 140,0.0000,0.6315,0.0012,0.0020,4.086,4.010,0.000,0.03,4000,4102,225.09,66.91,6.85,8.35,8.35
gypsum_foil,no Naturheld: foil and gypsum only,1,"no 140, no Flex, no battens, no plaster coat",107.0,kitchen,1000,1,2.6650,2.7368,2.5645,3146,1368.923075,0,,,0.0000,0.7388,0.0006,0.0007,3.779,3.704,0.000,0.03,4000,4100,225.09,66.91,6.85,8.35,8.35
gypsum_foil,no Naturheld: foil and gypsum only,1,"no 140, no Flex, no battens, no plaster coat",107.0,living,1000,1,2.2727,2.7061,2.6480,2964,1236.272785,0,,,0.0000,0.7388,0.0006,0.0007,3.779,3.704,0.000,0.03,4000,4101,225.09,66.91,6.85,8.35,8.35
gypsum_foil,no Naturheld: foil and gypsum only,1,"no 140, no Flex, no battens, no plaster coat",107.0,gable_seat,1000,1,2.2457,1.9315,2.6490,3219,1370.363272,0,,,0.0000,0.7388,0.0006,0.0007,3.779,3.704,0.000,0.03,4000,4102,225.09,66.91,6.85,8.35,8.35
gypsum_foil,no Naturheld: foil and gypsum only,1,"no 140, no Flex, no battens, no plaster coat",107.0,kitchen,2000,1,2.3722,2.4523,2.3765,3135,1266.736434,0,,,0.0000,0.8028,0.0002,0.0003,3.617,3.541,0.000,0.03,4000,4100,225.09,66.91,6.85,8.35,8.35
gypsum_foil,no Naturheld: foil and gypsum only,1,"no 140, no Flex, no battens, no plaster coat",107.0,living,2000,1,2.2947,2.7042,2.4758,2961,1131.764863,0,,,0.0000,0.8028,0.0002,0.0003,3.617,3.541,0.000,0.03,4000,4101,225.09,66.91,6.85,8.35,8.35
gypsum_foil,no Naturheld: foil and gypsum only,1,"no 140, no Flex, no battens, no plaster coat",107.0,gable_seat,2000,1,2.1775,2.1404,2.4680,3147,1256.218267,0,,,0.0000,0.8028,0.0002,0.0003,3.617,3.541,0.000,0.03,4000,4102,225.09,66.91,6.85,8.35,8.35
nh60_flex60_not_buildable,"naturheld 60 mm, Flex 60 mm (not buildable until the ducts move)",0,bound only; duct clearance is negative,-13.0,kitchen,250,1,2.5871,2.1278,0.9492,2763,614.697156,1,naturheld 140,soffit naturheld 140,0.5416,0.5220,0.0045,0.0085,0.816,0.738,0.734,0.03,4000,4100,225.09,66.91,6.85,8.35,8.35
nh60_flex60_not_buildable,"naturheld 60 mm, Flex 60 mm (not buildable until the ducts move)",0,bound only; duct clearance is negative,-13.0,living,250,1,2.3010,2.9727,1.1553,2583,466.419971,1,naturheld 140,soffit naturheld 140,0.5416,0.5220,0.0045,0.0085,0.816,0.738,0.734,0.03,4000,4101,225.09,66.91,6.85,8.35,8.35
nh60_flex60_not_buildable,"naturheld 60 mm, Flex 60 mm (not buildable until the ducts move)",0,bound only; duct clearance is negative,-13.0,gable_seat,250,1,2.5430,2.7577,1.0067,2688,573.517334,1,naturheld 140,soffit naturheld 140,0.5416,0.5220,0.0045,0.0085,0.816,0.738,0.734,0.03,4000,4102,225.09,66.91,6.85,8.35,8.35
nh60_flex60_not_buildable,"naturheld 60 mm, Flex 60 mm (not buildable until the ducts move)",0,bound only; duct clearance is negative,-13.0,kitchen,500,1,2.6264,2.1532,0.8953,2375,559.656468,1,naturheld 140,soffit naturheld 140,0.6390,0.6315,0.0012,0.0020,0.702,0.624,0.996,0.03,4000,4100,225.09,66.91,6.85,8.35,8.35
nh60_flex60_not_buildable,"naturheld 60 mm, Flex 60 mm (not buildable until the ducts move)",0,bound only; duct clearance is negative,-13.0,living,500,1,2.2266,2.9820,1.1136,2249,425.687977,1,naturheld 140,soffit naturheld 140,0.6390,0.6315,0.0012,0.0020,0.702,0.624,0.996,0.03,4000,4101,225.09,66.91,6.85,8.35,8.35
nh60_flex60_not_buildable,"naturheld 60 mm, Flex 60 mm (not buildable until the ducts move)",0,bound only; duct clearance is negative,-13.0,gable_seat,500,1,2.5087,2.7501,0.9489,2408,542.922966,1,naturheld 140,soffit naturheld 140,0.6390,0.6315,0.0012,0.0020,0.702,0.624,0.996,0.03,4000,4102,225.09,66.91,6.85,8.35,8.35
nh60_flex60_not_buildable,"naturheld 60 mm, Flex 60 mm (not buildable until the ducts move)",0,bound only; duct clearance is negative,-13.0,kitchen,1000,1,2.6435,2.2312,0.8617,1974,529.355569,0,,,0.7369,0.7388,0.0006,0.0007,0.615,0.537,0.835,0.03,4000,4100,225.09,66.91,6.85,8.35,8.35
nh60_flex60_not_buildable,"naturheld 60 mm, Flex 60 mm (not buildable until the ducts move)",0,bound only; duct clearance is negative,-13.0,living,1000,1,2.2688,2.9401,1.1149,1836,395.671476,0,,,0.7369,0.7388,0.0006,0.0007,0.615,0.537,0.835,0.03,4000,4101,225.09,66.91,6.85,8.35,8.35
nh60_flex60_not_buildable,"naturheld 60 mm, Flex 60 mm (not buildable until the ducts move)",0,bound only; duct clearance is negative,-13.0,gable_seat,1000,1,2.5448,2.7678,0.9126,1998,506.767798,0,,,0.7369,0.7388,0.0006,0.0007,0.615,0.537,0.835,0.03,4000,4102,225.09,66.91,6.85,8.35,8.35
nh60_flex60_not_buildable,"naturheld 60 mm, Flex 60 mm (not buildable until the ducts move)",0,bound only; duct clearance is negative,-13.0,kitchen,2000,1,2.6237,2.1795,0.8341,1785,502.789204,0,,,0.8027,0.8028,0.0002,0.0003,0.569,0.490,0.433,0.03,4000,4100,225.09,66.91,6.85,8.35,8.35
nh60_flex60_not_buildable,"naturheld 60 mm, Flex 60 mm (not buildable until the ducts move)",0,bound only; duct clearance is negative,-13.0,living,2000,1,2.3825,3.1665,1.0040,1668,367.375873,0,,,0.8027,0.8028,0.0002,0.0003,0.569,0.490,0.433,0.03,4000,4101,225.09,66.91,6.85,8.35,8.35
nh60_flex60_not_buildable,"naturheld 60 mm, Flex 60 mm (not buildable until the ducts move)",0,bound only; duct clearance is negative,-13.0,gable_seat,2000,1,2.5544,2.7720,0.8885,1760,482.668659,0,,,0.8027,0.8028,0.0002,0.0003,0.569,0.490,0.433,0.03,4000,4102,225.09,66.91,6.85,8.35,8.35
as_built_sigma75,"as built, slope σ = 75 kPa·s/m² sensitivity",1,slope board only; soffit and bass stay on their fixed values,7.0,kitchen,250,1,2.5938,2.1192,0.9868,2909,636.547193,1,naturheld 140,soffit naturheld 140,0.4956,0.5220,0.0045,0.0085,0.876,0.799,0.734,0.03,4000,4100,225.09,66.91,6.85,8.35,8.35
as_built_sigma75,"as built, slope σ = 75 kPa·s/m² sensitivity",1,slope board only; soffit and bass stay on their fixed values,7.0,living,250,1,2.2270,2.9661,1.1749,2799,486.384904,1,naturheld 140,soffit naturheld 140,0.4956,0.5220,0.0045,0.0085,0.876,0.799,0.734,0.03,4000,4101,225.09,66.91,6.85,8.35,8.35
as_built_sigma75,"as built, slope σ = 75 kPa·s/m² sensitivity",1,slope board only; soffit and bass stay on their fixed values,7.0,gable_seat,250,1,2.5309,2.7511,1.0271,2815,591.794304,1,naturheld 140,soffit naturheld 140,0.4956,0.5220,0.0045,0.0085,0.876,0.799,0.734,0.03,4000,4102,225.09,66.91,6.85,8.35,8.35
as_built_sigma75,"as built, slope σ = 75 kPa·s/m² sensitivity",1,slope board only; soffit and bass stay on their fixed values,7.0,kitchen,500,1,2.6148,2.1495,0.8983,2437,570.303292,1,naturheld 140,soffit naturheld 140,0.6050,0.6315,0.0012,0.0020,0.734,0.656,0.996,0.03,4000,4100,225.09,66.91,6.85,8.35,8.35
as_built_sigma75,"as built, slope σ = 75 kPa·s/m² sensitivity",1,slope board only; soffit and bass stay on their fixed values,7.0,living,500,1,2.2206,2.9781,1.1165,2362,436.751884,1,naturheld 140,soffit naturheld 140,0.6050,0.6315,0.0012,0.0020,0.734,0.656,0.996,0.03,4000,4101,225.09,66.91,6.85,8.35,8.35
as_built_sigma75,"as built, slope σ = 75 kPa·s/m² sensitivity",1,slope board only; soffit and bass stay on their fixed values,7.0,gable_seat,500,1,2.5006,2.7384,0.9641,2497,555.353108,1,naturheld 140,soffit naturheld 140,0.6050,0.6315,0.0012,0.0020,0.734,0.656,0.996,0.03,4000,4102,225.09,66.91,6.85,8.35,8.35
as_built_sigma75,"as built, slope σ = 75 kPa·s/m² sensitivity",1,slope board only; soffit and bass stay on their fixed values,7.0,kitchen,1000,1,3.0457,3.1904,0.8749,2110,537.482914,0,,,0.7105,0.7388,0.0006,0.0007,0.634,0.556,0.835,0.03,4000,4100,225.09,66.91,6.85,8.35,8.35
as_built_sigma75,"as built, slope σ = 75 kPa·s/m² sensitivity",1,slope board only; soffit and bass stay on their fixed values,7.0,living,1000,1,2.2666,2.9392,1.0547,1944,401.510408,0,,,0.7105,0.7388,0.0006,0.0007,0.634,0.556,0.835,0.03,4000,4101,225.09,66.91,6.85,8.35,8.35
as_built_sigma75,"as built, slope σ = 75 kPa·s/m² sensitivity",1,slope board only; soffit and bass stay on their fixed values,7.0,gable_seat,1000,1,2.3377,2.7650,0.9136,2120,513.846755,0,,,0.7105,0.7388,0.0006,0.0007,0.634,0.556,0.835,0.03,4000,4102,225.09,66.91,6.85,8.35,8.35
as_built_sigma75,"as built, slope σ = 75 kPa·s/m² sensitivity",1,slope board only; soffit and bass stay on their fixed values,7.0,kitchen,2000,1,2.6208,2.1775,0.8297,1819,506.059648,0,,,0.7858,0.8028,0.0002,0.0003,0.579,0.500,0.433,0.03,4000,4100,225.09,66.91,6.85,8.35,8.35
as_built_sigma75,"as built, slope σ = 75 kPa·s/m² sensitivity",1,slope board only; soffit and bass stay on their fixed values,7.0,living,2000,1,2.2920,2.9424,1.0024,1701,371.963285,0,,,0.7858,0.8028,0.0002,0.0003,0.579,0.500,0.433,0.03,4000,4101,225.09,66.91,6.85,8.35,8.35
as_built_sigma75,"as built, slope σ = 75 kPa·s/m² sensitivity",1,slope board only; soffit and bass stay on their fixed values,7.0,gable_seat,2000,1,2.4258,2.7708,0.8849,1834,486.410172,0,,,0.7858,0.8028,0.0002,0.0003,0.579,0.500,0.433,0.03,4000,4102,225.09,66.91,6.85,8.35,8.35
