edge,kitchen_lattice,living_lattice,kitchen_wool_mm,kitchen_air_mm,living_wool_mm,living_air_mm,t_31_5,t_63,t_125,kitchen_peak_hz,living_peak_hz,role
taped,625 vertical,625 vertical,0.0,177.5,0.0,437.5,2.0146,1.1392,0.7046,68.5,57.3,grid
taped,625 vertical,625 vertical,0.0,177.5,100.0,337.5,2.0097,1.0801,0.7041,68.5,57.3,grid
taped,625 vertical,625 vertical,0.0,177.5,200.0,237.5,2.0002,1.0314,0.7029,68.5,47.9,grid
taped,625 vertical,625 vertical,0.0,177.5,300.0,137.5,1.9887,1.0111,0.7018,68.5,57.3,grid
taped,625 vertical,625 vertical,0.0,177.5,328.1,109.4,1.9854,1.0098,0.7014,68.5,57.3,grid
taped,625 vertical,625 vertical,0.0,177.5,437.5,0.0,1.9586,1.0393,0.6965,68.5,68.5,grid
taped,625 vertical,625 vertical,26.1,151.4,0.0,437.5,2.0130,1.1157,0.7056,68.5,57.3,grid
taped,625 vertical,625 vertical,26.1,151.4,100.0,337.5,2.0082,1.0588,0.7051,68.5,57.3,grid
taped,625 vertical,625 vertical,26.1,151.4,200.0,237.5,1.9987,1.0118,0.7038,68.5,47.9,grid
taped,625 vertical,625 vertical,26.1,151.4,300.0,137.5,1.9872,0.9923,0.7028,68.5,57.3,grid
taped,625 vertical,625 vertical,26.1,151.4,328.1,109.4,1.9839,0.9909,0.7024,68.5,57.3,grid
taped,625 vertical,625 vertical,26.1,151.4,437.5,0.0,1.9572,1.0195,0.6975,68.5,68.5,grid
taped,625 vertical,625 vertical,52.2,125.3,0.0,437.5,2.0114,1.0820,0.7057,57.3,57.3,grid
taped,625 vertical,625 vertical,52.2,125.3,100.0,337.5,2.0065,1.0282,0.7052,57.3,57.3,grid
taped,625 vertical,625 vertical,52.2,125.3,200.0,237.5,1.9971,0.9836,0.7040,57.3,47.9,grid
taped,625 vertical,625 vertical,52.2,125.3,300.0,137.5,1.9856,0.9651,0.7029,57.3,57.3,grid
taped,625 vertical,625 vertical,52.2,125.3,328.1,109.4,1.9823,0.9638,0.7025,57.3,57.3,grid
taped,625 vertical,625 vertical,52.2,125.3,437.5,0.0,1.9556,0.9909,0.6976,57.3,68.5,grid
taped,625 vertical,625 vertical,78.3,99.2,0.0,437.5,2.0092,1.0448,0.7051,52.4,57.3,grid
taped,625 vertical,625 vertical,78.3,99.2,100.0,337.5,2.0043,0.9943,0.7046,52.4,57.3,grid
taped,625 vertical,625 vertical,78.3,99.2,200.0,237.5,1.9949,0.9524,0.7034,52.4,47.9,grid
taped,625 vertical,625 vertical,78.3,99.2,300.0,137.5,1.9834,0.9349,0.7023,52.4,57.3,grid
taped,625 vertical,625 vertical,78.3,99.2,328.1,109.4,1.9801,0.9337,0.7019,52.4,57.3,grid
taped,625 vertical,625 vertical,78.3,99.2,437.5,0.0,1.9535,0.9592,0.6970,52.4,68.5,grid
taped,625 vertical,625 vertical,104.4,73.1,0.0,437.5,2.0063,1.0197,0.7039,52.4,57.3,grid
taped,625 vertical,625 vertical,104.4,73.1,100.0,337.5,2.0015,0.9714,0.7034,52.4,57.3,grid
taped,625 vertical,625 vertical,104.4,73.1,200.0,237.5,1.9921,0.9312,0.7022,52.4,47.9,grid
taped,625 vertical,625 vertical,104.4,73.1,300.0,137.5,1.9807,0.9144,0.7011,52.4,57.3,grid
taped,625 vertical,625 vertical,104.4,73.1,328.1,109.4,1.9774,0.9133,0.7007,52.4,57.3,grid
taped,625 vertical,625 vertical,104.4,73.1,437.5,0.0,1.9509,0.9378,0.6958,52.4,68.5,grid
taped,625 vertical,625 vertical,130.5,47.0,0.0,437.5,2.0029,1.0088,0.7018,57.3,57.3,grid
taped,625 vertical,625 vertical,130.5,47.0,100.0,337.5,1.9981,0.9614,0.7013,57.3,57.3,grid
taped,625 vertical,625 vertical,130.5,47.0,200.0,237.5,1.9887,0.9220,0.7001,57.3,47.9,grid
taped,625 vertical,625 vertical,130.5,47.0,300.0,137.5,1.9773,0.9055,0.6990,57.3,57.3,"grid,as-built"
taped,625 vertical,625 vertical,130.5,47.0,328.1,109.4,1.9740,0.9044,0.6986,57.3,57.3,grid
taped,625 vertical,625 vertical,130.5,47.0,437.5,0.0,1.9476,0.9284,0.6937,57.3,68.5,"grid,coverage"
taped,625 vertical,1000 horizontal,0.0,177.5,0.0,437.5,1.9791,1.2008,0.6926,68.5,35.0,grid
taped,625 vertical,1000 horizontal,0.0,177.5,100.0,337.5,1.8541,1.2026,0.6935,68.5,35.0,grid
taped,625 vertical,1000 horizontal,0.0,177.5,200.0,237.5,1.6298,1.1988,0.6918,68.5,35.0,grid
taped,625 vertical,1000 horizontal,0.0,177.5,300.0,137.5,1.5404,1.1935,0.6902,68.5,35.0,grid
taped,625 vertical,1000 horizontal,0.0,177.5,328.1,109.4,1.5334,1.1920,0.6898,68.5,35.0,grid
taped,625 vertical,1000 horizontal,0.0,177.5,437.5,0.0,1.6862,1.1278,0.6861,68.5,41.9,grid
taped,625 vertical,1000 horizontal,26.1,151.4,0.0,437.5,1.9777,1.1749,0.6935,68.5,35.0,grid
taped,625 vertical,1000 horizontal,26.1,151.4,100.0,337.5,1.8528,1.1766,0.6944,68.5,35.0,grid
taped,625 vertical,1000 horizontal,26.1,151.4,200.0,237.5,1.6288,1.1730,0.6928,68.5,35.0,grid
taped,625 vertical,1000 horizontal,26.1,151.4,300.0,137.5,1.5395,1.1679,0.6911,68.5,35.0,grid
taped,625 vertical,1000 horizontal,26.1,151.4,328.1,109.4,1.5325,1.1665,0.6907,68.5,35.0,grid
taped,625 vertical,1000 horizontal,26.1,151.4,437.5,0.0,1.6851,1.1047,0.6870,68.5,41.9,grid
taped,625 vertical,1000 horizontal,52.2,125.3,0.0,437.5,1.9761,1.1378,0.6937,57.3,35.0,grid
taped,625 vertical,1000 horizontal,52.2,125.3,100.0,337.5,1.8514,1.1394,0.6946,57.3,35.0,grid
taped,625 vertical,1000 horizontal,52.2,125.3,200.0,237.5,1.6277,1.1360,0.6929,57.3,35.0,grid
taped,625 vertical,1000 horizontal,52.2,125.3,300.0,137.5,1.5385,1.1312,0.6912,57.3,35.0,grid
taped,625 vertical,1000 horizontal,52.2,125.3,328.1,109.4,1.5315,1.1299,0.6909,57.3,35.0,grid
taped,625 vertical,1000 horizontal,52.2,125.3,437.5,0.0,1.6839,1.0716,0.6871,57.3,41.9,grid
taped,625 vertical,1000 horizontal,78.3,99.2,0.0,437.5,1.9739,1.0970,0.6931,52.4,35.0,grid
taped,625 vertical,1000 horizontal,78.3,99.2,100.0,337.5,1.8495,1.0985,0.6940,52.4,35.0,grid
taped,625 vertical,1000 horizontal,78.3,99.2,200.0,237.5,1.6263,1.0953,0.6923,52.4,35.0,grid
taped,625 vertical,1000 horizontal,78.3,99.2,300.0,137.5,1.5372,1.0908,0.6906,52.4,35.0,grid
taped,625 vertical,1000 horizontal,78.3,99.2,328.1,109.4,1.5302,1.0896,0.6903,52.4,35.0,grid
taped,625 vertical,1000 horizontal,78.3,99.2,437.5,0.0,1.6824,1.0350,0.6865,52.4,41.9,grid
taped,625 vertical,1000 horizontal,104.4,73.1,0.0,437.5,1.9712,1.0696,0.6919,52.4,35.0,grid
taped,625 vertical,1000 horizontal,104.4,73.1,100.0,337.5,1.8471,1.0710,0.6928,52.4,35.0,grid
taped,625 vertical,1000 horizontal,104.4,73.1,200.0,237.5,1.6244,1.0680,0.6912,52.4,35.0,grid
taped,625 vertical,1000 horizontal,104.4,73.1,300.0,137.5,1.5355,1.0637,0.6895,52.4,35.0,grid
taped,625 vertical,1000 horizontal,104.4,73.1,328.1,109.4,1.5285,1.0626,0.6891,52.4,35.0,grid
taped,625 vertical,1000 horizontal,104.4,73.1,437.5,0.0,1.6804,1.0104,0.6854,52.4,41.9,grid
taped,625 vertical,1000 horizontal,130.5,47.0,0.0,437.5,1.9678,1.0577,0.6898,57.3,35.0,grid
taped,625 vertical,1000 horizontal,130.5,47.0,100.0,337.5,1.8442,1.0590,0.6907,57.3,35.0,grid
taped,625 vertical,1000 horizontal,130.5,47.0,200.0,237.5,1.6220,1.0561,0.6891,57.3,35.0,grid
taped,625 vertical,1000 horizontal,130.5,47.0,300.0,137.5,1.5334,1.0519,0.6874,57.3,35.0,"grid,as-built"
taped,625 vertical,1000 horizontal,130.5,47.0,328.1,109.4,1.5264,1.0507,0.6871,57.3,35.0,"grid,coverage"
taped,625 vertical,1000 horizontal,130.5,47.0,437.5,0.0,1.6779,0.9997,0.6834,57.3,41.9,grid
taped,1000 horizontal,625 vertical,0.0,177.5,0.0,437.5,2.0130,1.1492,0.6899,41.9,57.3,grid
taped,1000 horizontal,625 vertical,0.0,177.5,100.0,337.5,2.0081,1.0891,0.6894,41.9,57.3,grid
taped,1000 horizontal,625 vertical,0.0,177.5,200.0,237.5,1.9987,1.0397,0.6882,41.9,47.9,grid
taped,1000 horizontal,625 vertical,0.0,177.5,300.0,137.5,1.9871,1.0191,0.6872,41.9,57.3,grid
taped,1000 horizontal,625 vertical,0.0,177.5,328.1,109.4,1.9839,1.0177,0.6868,41.9,57.3,grid
taped,1000 horizontal,625 vertical,0.0,177.5,437.5,0.0,1.9571,1.0477,0.6821,41.9,68.5,grid
taped,1000 horizontal,625 vertical,26.1,151.4,0.0,437.5,2.0063,1.1339,0.6886,41.9,57.3,grid
taped,1000 horizontal,625 vertical,26.1,151.4,100.0,337.5,2.0015,1.0753,0.6881,41.9,57.3,grid
taped,1000 horizontal,625 vertical,26.1,151.4,200.0,237.5,1.9921,1.0270,0.6869,41.9,47.9,grid
taped,1000 horizontal,625 vertical,26.1,151.4,300.0,137.5,1.9807,1.0069,0.6859,41.9,57.3,grid
taped,1000 horizontal,625 vertical,26.1,151.4,328.1,109.4,1.9774,1.0055,0.6855,41.9,57.3,grid
taped,1000 horizontal,625 vertical,26.1,151.4,437.5,0.0,1.9508,1.0349,0.6808,41.9,68.5,grid
taped,1000 horizontal,625 vertical,52.2,125.3,0.0,437.5,1.9919,1.1464,0.6911,41.9,57.3,grid
taped,1000 horizontal,625 vertical,52.2,125.3,100.0,337.5,1.9872,1.0866,0.6907,41.9,57.3,grid
taped,1000 horizontal,625 vertical,52.2,125.3,200.0,237.5,1.9779,1.0374,0.6895,41.9,47.9,grid
taped,1000 horizontal,625 vertical,52.2,125.3,300.0,137.5,1.9666,1.0169,0.6885,41.9,57.3,grid
taped,1000 horizontal,625 vertical,52.2,125.3,328.1,109.4,1.9634,1.0155,0.6881,41.9,57.3,grid
taped,1000 horizontal,625 vertical,52.2,125.3,437.5,0.0,1.9372,1.0454,0.6833,41.9,68.5,grid
taped,1000 horizontal,625 vertical,78.3,99.2,0.0,437.5,1.9616,1.1512,0.6922,41.9,57.3,grid
taped,1000 horizontal,625 vertical,78.3,99.2,100.0,337.5,1.9570,1.0910,0.6917,41.9,57.3,grid
taped,1000 horizontal,625 vertical,78.3,99.2,200.0,237.5,1.9480,1.0414,0.6906,41.9,47.9,grid
taped,1000 horizontal,625 vertical,78.3,99.2,300.0,137.5,1.9370,1.0207,0.6895,41.9,57.3,grid
taped,1000 horizontal,625 vertical,78.3,99.2,328.1,109.4,1.9339,1.0194,0.6891,41.9,57.3,grid
taped,1000 horizontal,625 vertical,78.3,99.2,437.5,0.0,1.9084,1.0495,0.6844,41.9,68.5,grid
taped,1000 horizontal,625 vertical,104.4,73.1,0.0,437.5,1.9074,1.1524,0.6925,40.1,57.3,grid
taped,1000 horizontal,625 vertical,104.4,73.1,100.0,337.5,1.9030,1.0920,0.6921,40.1,57.3,grid
taped,1000 horizontal,625 vertical,104.4,73.1,200.0,237.5,1.8945,1.0423,0.6909,40.1,47.9,grid
taped,1000 horizontal,625 vertical,104.4,73.1,300.0,137.5,1.8841,1.0217,0.6898,40.1,57.3,grid
taped,1000 horizontal,625 vertical,104.4,73.1,328.1,109.4,1.8811,1.0203,0.6894,40.1,57.3,grid
taped,1000 horizontal,625 vertical,104.4,73.1,437.5,0.0,1.8570,1.0504,0.6847,40.1,68.5,grid
taped,1000 horizontal,625 vertical,130.5,47.0,0.0,437.5,1.8241,1.1501,0.6920,40.1,57.3,grid
taped,1000 horizontal,625 vertical,130.5,47.0,100.0,337.5,1.8200,1.0900,0.6915,40.1,57.3,grid
taped,1000 horizontal,625 vertical,130.5,47.0,200.0,237.5,1.8122,1.0405,0.6904,40.1,47.9,grid
taped,1000 horizontal,625 vertical,130.5,47.0,300.0,137.5,1.8027,1.0199,0.6893,40.1,57.3,"grid,as-built"
taped,1000 horizontal,625 vertical,130.5,47.0,328.1,109.4,1.7999,1.0185,0.6889,40.1,57.3,"grid,average"
taped,1000 horizontal,625 vertical,130.5,47.0,437.5,0.0,1.7777,1.0485,0.6842,40.1,68.5,"grid,coverage"
taped,1000 horizontal,1000 horizontal,0.0,177.5,0.0,437.5,1.9776,1.2118,0.6783,41.9,35.0,grid
taped,1000 horizontal,1000 horizontal,0.0,177.5,100.0,337.5,1.8528,1.2136,0.6792,41.9,35.0,grid
taped,1000 horizontal,1000 horizontal,0.0,177.5,200.0,237.5,1.6288,1.2098,0.6776,41.9,35.0,grid
taped,1000 horizontal,1000 horizontal,0.0,177.5,300.0,137.5,1.5394,1.2044,0.6760,41.9,35.0,grid
taped,1000 horizontal,1000 horizontal,0.0,177.5,328.1,109.4,1.5324,1.2029,0.6756,41.9,35.0,grid
taped,1000 horizontal,1000 horizontal,0.0,177.5,437.5,0.0,1.6851,1.1375,0.6720,41.9,41.9,grid
taped,1000 horizontal,1000 horizontal,26.1,151.4,0.0,437.5,1.9712,1.1950,0.6771,41.9,35.0,grid
taped,1000 horizontal,1000 horizontal,26.1,151.4,100.0,337.5,1.8471,1.1967,0.6779,41.9,35.0,grid
taped,1000 horizontal,1000 horizontal,26.1,151.4,200.0,237.5,1.6244,1.1930,0.6763,41.9,35.0,grid
taped,1000 horizontal,1000 horizontal,26.1,151.4,300.0,137.5,1.5355,1.1877,0.6747,41.9,35.0,grid
taped,1000 horizontal,1000 horizontal,26.1,151.4,328.1,109.4,1.5285,1.1863,0.6744,41.9,35.0,grid
taped,1000 horizontal,1000 horizontal,26.1,151.4,437.5,0.0,1.6803,1.1226,0.6708,41.9,41.9,"grid,coverage"
taped,1000 horizontal,1000 horizontal,52.2,125.3,0.0,437.5,1.9573,1.2088,0.6795,41.9,35.0,grid
taped,1000 horizontal,1000 horizontal,52.2,125.3,100.0,337.5,1.8348,1.2105,0.6804,41.9,35.0,grid
taped,1000 horizontal,1000 horizontal,52.2,125.3,200.0,237.5,1.6147,1.2067,0.6788,41.9,35.0,grid
taped,1000 horizontal,1000 horizontal,52.2,125.3,300.0,137.5,1.5268,1.2014,0.6772,41.9,35.0,grid
taped,1000 horizontal,1000 horizontal,52.2,125.3,328.1,109.4,1.5199,1.1999,0.6768,41.9,35.0,grid
taped,1000 horizontal,1000 horizontal,52.2,125.3,437.5,0.0,1.6701,1.1348,0.6732,41.9,41.9,grid
taped,1000 horizontal,1000 horizontal,78.3,99.2,0.0,437.5,1.9279,1.2141,0.6806,41.9,35.0,grid
taped,1000 horizontal,1000 horizontal,78.3,99.2,100.0,337.5,1.8089,1.2159,0.6815,41.9,35.0,grid
taped,1000 horizontal,1000 horizontal,78.3,99.2,200.0,237.5,1.5944,1.2120,0.6799,41.9,35.0,grid
taped,1000 horizontal,1000 horizontal,78.3,99.2,300.0,137.5,1.5085,1.2066,0.6782,41.9,35.0,grid
taped,1000 horizontal,1000 horizontal,78.3,99.2,328.1,109.4,1.5018,1.2051,0.6779,41.9,35.0,grid
taped,1000 horizontal,1000 horizontal,78.3,99.2,437.5,0.0,1.6484,1.1396,0.6743,41.9,41.9,grid
taped,1000 horizontal,1000 horizontal,104.4,73.1,0.0,437.5,1.8755,1.2154,0.6809,40.1,35.0,grid
taped,1000 horizontal,1000 horizontal,104.4,73.1,100.0,337.5,1.7624,1.2171,0.6818,40.1,35.0,grid
taped,1000 horizontal,1000 horizontal,104.4,73.1,200.0,237.5,1.5578,1.2133,0.6802,40.1,35.0,grid
taped,1000 horizontal,1000 horizontal,104.4,73.1,300.0,137.5,1.4755,1.2079,0.6785,40.1,35.0,grid
taped,1000 horizontal,1000 horizontal,104.4,73.1,328.1,109.4,1.4690,1.2064,0.6782,40.1,35.0,grid
taped,1000 horizontal,1000 horizontal,104.4,73.1,437.5,0.0,1.6094,1.1407,0.6746,40.1,41.9,grid
taped,1000 horizontal,1000 horizontal,130.5,47.0,0.0,437.5,1.7948,1.2129,0.6804,40.1,35.0,grid
taped,1000 horizontal,1000 horizontal,130.5,47.0,100.0,337.5,1.6906,1.2147,0.6813,40.1,35.0,grid
taped,1000 horizontal,1000 horizontal,130.5,47.0,200.0,237.5,1.5008,1.2108,0.6797,40.1,35.0,grid
taped,1000 horizontal,1000 horizontal,130.5,47.0,300.0,137.5,1.4240,1.2055,0.6780,40.1,35.0,"grid,as-built"
taped,1000 horizontal,1000 horizontal,130.5,47.0,328.1,109.4,1.4180,1.2040,0.6777,40.1,35.0,"grid,average"
taped,1000 horizontal,1000 horizontal,130.5,47.0,437.5,0.0,1.5488,1.1385,0.6741,40.1,41.9,grid
hinges,625 vertical,625 vertical,0.0,177.5,0.0,437.5,1.9555,1.2065,0.7079,43.8,30.7,grid
hinges,625 vertical,625 vertical,0.0,177.5,100.0,337.5,1.8582,1.1863,0.7076,43.8,30.7,grid
hinges,625 vertical,625 vertical,0.0,177.5,200.0,237.5,1.6626,1.1708,0.7065,43.8,30.7,grid
hinges,625 vertical,625 vertical,0.0,177.5,300.0,137.5,1.5606,1.1501,0.7054,43.8,30.7,grid
hinges,625 vertical,625 vertical,0.0,177.5,328.1,109.4,1.5508,1.1439,0.7051,43.8,30.7,grid
hinges,625 vertical,625 vertical,0.0,177.5,437.5,0.0,1.6186,1.0966,0.7012,43.8,41.9,grid
hinges,625 vertical,625 vertical,26.1,151.4,0.0,437.5,1.9466,1.1615,0.7077,32.1,30.7,grid
hinges,625 vertical,625 vertical,26.1,151.4,100.0,337.5,1.8501,1.1428,0.7074,32.1,30.7,grid
hinges,625 vertical,625 vertical,26.1,151.4,200.0,237.5,1.6560,1.1283,0.7063,32.1,30.7,grid
hinges,625 vertical,625 vertical,26.1,151.4,300.0,137.5,1.5549,1.1089,0.7053,32.1,30.7,grid
hinges,625 vertical,625 vertical,26.1,151.4,328.1,109.4,1.5451,1.1032,0.7050,32.1,30.7,grid
hinges,625 vertical,625 vertical,26.1,151.4,437.5,0.0,1.6123,1.0589,0.7010,32.1,41.9,grid
hinges,625 vertical,625 vertical,52.2,125.3,0.0,437.5,1.9293,1.1358,0.7081,32.1,30.7,grid
hinges,625 vertical,625 vertical,52.2,125.3,100.0,337.5,1.8344,1.1178,0.7078,32.1,30.7,grid
hinges,625 vertical,625 vertical,52.2,125.3,200.0,237.5,1.6434,1.1039,0.7067,32.1,30.7,grid
hinges,625 vertical,625 vertical,52.2,125.3,300.0,137.5,1.5436,1.0853,0.7057,32.1,30.7,grid
hinges,625 vertical,625 vertical,52.2,125.3,328.1,109.4,1.5340,1.0798,0.7053,32.1,30.7,grid
hinges,625 vertical,625 vertical,52.2,125.3,437.5,0.0,1.6003,1.0372,0.7014,32.1,41.9,grid
hinges,625 vertical,625 vertical,78.3,99.2,0.0,437.5,1.8983,1.1402,0.7079,32.1,30.7,grid
hinges,625 vertical,625 vertical,78.3,99.2,100.0,337.5,1.8062,1.1221,0.7076,32.1,30.7,grid
hinges,625 vertical,625 vertical,78.3,99.2,200.0,237.5,1.6205,1.1081,0.7065,32.1,30.7,grid
hinges,625 vertical,625 vertical,78.3,99.2,300.0,137.5,1.5233,1.0894,0.7055,32.1,30.7,grid
hinges,625 vertical,625 vertical,78.3,99.2,328.1,109.4,1.5139,1.0838,0.7052,32.1,30.7,grid
hinges,625 vertical,625 vertical,78.3,99.2,437.5,0.0,1.5785,1.0409,0.7012,32.1,41.9,grid
hinges,625 vertical,625 vertical,104.4,73.1,0.0,437.5,1.8581,1.1447,0.7074,32.1,30.7,grid
hinges,625 vertical,625 vertical,104.4,73.1,100.0,337.5,1.7697,1.1264,0.7071,32.1,30.7,grid
hinges,625 vertical,625 vertical,104.4,73.1,200.0,237.5,1.5907,1.1124,0.7060,32.1,30.7,grid
hinges,625 vertical,625 vertical,104.4,73.1,300.0,137.5,1.4968,1.0935,0.7050,32.1,30.7,grid
hinges,625 vertical,625 vertical,104.4,73.1,328.1,109.4,1.4878,1.0879,0.7047,32.1,30.7,grid
hinges,625 vertical,625 vertical,104.4,73.1,437.5,0.0,1.5502,1.0447,0.7007,32.1,41.9,grid
hinges,625 vertical,625 vertical,130.5,47.0,0.0,437.5,1.8125,1.1430,0.7064,30.7,30.7,grid
hinges,625 vertical,625 vertical,130.5,47.0,100.0,337.5,1.7281,1.1248,0.7060,30.7,30.7,grid
hinges,625 vertical,625 vertical,130.5,47.0,200.0,237.5,1.5567,1.1108,0.7049,30.7,30.7,grid
hinges,625 vertical,625 vertical,130.5,47.0,300.0,137.5,1.4665,1.0920,0.7039,30.7,30.7,"grid,as-built"
hinges,625 vertical,625 vertical,130.5,47.0,328.1,109.4,1.4578,1.0864,0.7036,30.7,30.7,"grid,coverage"
hinges,625 vertical,625 vertical,130.5,47.0,437.5,0.0,1.5179,1.0433,0.6996,30.7,41.9,grid
hinges,625 vertical,1000 horizontal,0.0,177.5,0.0,437.5,1.9569,1.1866,0.7058,43.8,28.0,grid
hinges,625 vertical,1000 horizontal,0.0,177.5,100.0,337.5,1.7488,1.1857,0.7058,43.8,28.0,grid
hinges,625 vertical,1000 horizontal,0.0,177.5,200.0,237.5,1.5460,1.1805,0.7045,43.8,26.8,grid
hinges,625 vertical,1000 horizontal,0.0,177.5,300.0,137.5,1.5039,1.1740,0.7031,43.8,26.8,grid
hinges,625 vertical,1000 horizontal,0.0,177.5,328.1,109.4,1.5037,1.1708,0.7027,43.8,26.8,grid
hinges,625 vertical,1000 horizontal,0.0,177.5,437.5,0.0,1.5583,1.1232,0.6985,43.8,33.5,grid
hinges,625 vertical,1000 horizontal,26.1,151.4,0.0,437.5,1.9480,1.1430,0.7057,32.1,28.0,grid
hinges,625 vertical,1000 horizontal,26.1,151.4,100.0,337.5,1.7417,1.1422,0.7056,32.1,28.0,grid
hinges,625 vertical,1000 horizontal,26.1,151.4,200.0,237.5,1.5404,1.1374,0.7043,32.1,26.8,grid
hinges,625 vertical,1000 horizontal,26.1,151.4,300.0,137.5,1.4985,1.1312,0.7029,32.1,26.8,grid
hinges,625 vertical,1000 horizontal,26.1,151.4,328.1,109.4,1.4983,1.1282,0.7025,32.1,26.8,grid
hinges,625 vertical,1000 horizontal,26.1,151.4,437.5,0.0,1.5525,1.0838,0.6983,32.1,33.5,grid
hinges,625 vertical,1000 horizontal,52.2,125.3,0.0,437.5,1.9307,1.1180,0.7061,32.1,28.0,grid
hinges,625 vertical,1000 horizontal,52.2,125.3,100.0,337.5,1.7277,1.1172,0.7060,32.1,28.0,grid
hinges,625 vertical,1000 horizontal,52.2,125.3,200.0,237.5,1.5293,1.1126,0.7047,32.1,26.8,grid
hinges,625 vertical,1000 horizontal,52.2,125.3,300.0,137.5,1.4880,1.1067,0.7033,32.1,26.8,grid
hinges,625 vertical,1000 horizontal,52.2,125.3,328.1,109.4,1.4879,1.1038,0.7029,32.1,26.8,grid
hinges,625 vertical,1000 horizontal,52.2,125.3,437.5,0.0,1.5413,1.0612,0.6987,32.1,33.5,grid
hinges,625 vertical,1000 horizontal,78.3,99.2,0.0,437.5,1.8996,1.1223,0.7059,32.1,28.0,grid
hinges,625 vertical,1000 horizontal,78.3,99.2,100.0,337.5,1.7025,1.1215,0.7058,32.1,28.0,grid
hinges,625 vertical,1000 horizontal,78.3,99.2,200.0,237.5,1.5093,1.1169,0.7045,32.1,26.8,grid
hinges,625 vertical,1000 horizontal,78.3,99.2,300.0,137.5,1.4690,1.1109,0.7031,32.1,26.8,grid
hinges,625 vertical,1000 horizontal,78.3,99.2,328.1,109.4,1.4689,1.1080,0.7027,32.1,26.8,grid
hinges,625 vertical,1000 horizontal,78.3,99.2,437.5,0.0,1.5210,1.0651,0.6985,32.1,33.5,grid
hinges,625 vertical,1000 horizontal,104.4,73.1,0.0,437.5,1.8594,1.1267,0.7054,32.1,28.0,grid
hinges,625 vertical,1000 horizontal,104.4,73.1,100.0,337.5,1.6699,1.1258,0.7053,32.1,28.0,grid
hinges,625 vertical,1000 horizontal,104.4,73.1,200.0,237.5,1.4833,1.1212,0.7040,32.1,26.8,grid
hinges,625 vertical,1000 horizontal,104.4,73.1,300.0,137.5,1.4443,1.1152,0.7026,32.1,26.8,grid
hinges,625 vertical,1000 horizontal,104.4,73.1,328.1,109.4,1.4442,1.1123,0.7022,32.1,26.8,grid
hinges,625 vertical,1000 horizontal,104.4,73.1,437.5,0.0,1.4946,1.0690,0.6980,32.1,33.5,grid
hinges,625 vertical,1000 horizontal,130.5,47.0,0.0,437.5,1.8138,1.1250,0.7043,30.7,28.0,grid
hinges,625 vertical,1000 horizontal,130.5,47.0,100.0,337.5,1.6326,1.1242,0.7043,30.7,28.0,grid
hinges,625 vertical,1000 horizontal,130.5,47.0,200.0,237.5,1.4535,1.1196,0.7029,30.7,26.8,grid
hinges,625 vertical,1000 horizontal,130.5,47.0,300.0,137.5,1.4160,1.1136,0.7016,30.7,26.8,"grid,as-built"
hinges,625 vertical,1000 horizontal,130.5,47.0,328.1,109.4,1.4159,1.1107,0.7012,30.7,26.8,"grid,coverage"
hinges,625 vertical,1000 horizontal,130.5,47.0,437.5,0.0,1.4644,1.0676,0.6970,30.7,33.5,grid
hinges,1000 horizontal,625 vertical,0.0,177.5,0.0,437.5,1.9476,1.1958,0.7055,38.3,30.7,grid
hinges,1000 horizontal,625 vertical,0.0,177.5,100.0,337.5,1.8510,1.1760,0.7052,38.3,30.7,grid
hinges,1000 horizontal,625 vertical,0.0,177.5,200.0,237.5,1.6568,1.1607,0.7041,38.3,30.7,grid
hinges,1000 horizontal,625 vertical,0.0,177.5,300.0,137.5,1.5555,1.1403,0.7030,38.3,30.7,grid
hinges,1000 horizontal,625 vertical,0.0,177.5,328.1,109.4,1.5458,1.1342,0.7027,38.3,30.7,grid
hinges,1000 horizontal,625 vertical,0.0,177.5,437.5,0.0,1.6131,1.0876,0.6988,38.3,41.9,grid
hinges,1000 horizontal,625 vertical,26.1,151.4,0.0,437.5,1.9283,1.1861,0.7052,33.5,30.7,grid
hinges,1000 horizontal,625 vertical,26.1,151.4,100.0,337.5,1.8335,1.1666,0.7049,33.5,30.7,grid
hinges,1000 horizontal,625 vertical,26.1,151.4,200.0,237.5,1.6426,1.1516,0.7038,33.5,30.7,grid
hinges,1000 horizontal,625 vertical,26.1,151.4,300.0,137.5,1.5429,1.1315,0.7028,33.5,30.7,grid
hinges,1000 horizontal,625 vertical,26.1,151.4,328.1,109.4,1.5334,1.1255,0.7025,33.5,30.7,grid
hinges,1000 horizontal,625 vertical,26.1,151.4,437.5,0.0,1.5996,1.0795,0.6985,33.5,41.9,grid
hinges,1000 horizontal,625 vertical,52.2,125.3,0.0,437.5,1.8879,1.1917,0.7059,38.3,30.7,grid
hinges,1000 horizontal,625 vertical,52.2,125.3,100.0,337.5,1.7968,1.1720,0.7056,38.3,30.7,grid
hinges,1000 horizontal,625 vertical,52.2,125.3,200.0,237.5,1.6128,1.1569,0.7045,38.3,30.7,grid
hinges,1000 horizontal,625 vertical,52.2,125.3,300.0,137.5,1.5164,1.1366,0.7035,38.3,30.7,grid
hinges,1000 horizontal,625 vertical,52.2,125.3,328.1,109.4,1.5072,1.1305,0.7032,38.3,30.7,grid
hinges,1000 horizontal,625 vertical,52.2,125.3,437.5,0.0,1.5712,1.0842,0.6992,38.3,41.9,grid
hinges,1000 horizontal,625 vertical,78.3,99.2,0.0,437.5,1.8114,1.1892,0.7057,36.6,30.7,grid
hinges,1000 horizontal,625 vertical,78.3,99.2,100.0,337.5,1.7271,1.1696,0.7053,36.6,30.7,grid
hinges,1000 horizontal,625 vertical,78.3,99.2,200.0,237.5,1.5559,1.1545,0.7043,36.6,30.7,grid
hinges,1000 horizontal,625 vertical,78.3,99.2,300.0,137.5,1.4658,1.1343,0.7032,36.6,30.7,grid
hinges,1000 horizontal,625 vertical,78.3,99.2,328.1,109.4,1.4571,1.1283,0.7029,36.6,30.7,grid
hinges,1000 horizontal,625 vertical,78.3,99.2,437.5,0.0,1.5171,1.0821,0.6990,36.6,41.9,grid
hinges,1000 horizontal,625 vertical,104.4,73.1,0.0,437.5,1.7092,1.1831,0.7050,36.6,30.7,grid
hinges,1000 horizontal,625 vertical,104.4,73.1,100.0,337.5,1.6336,1.1637,0.7047,36.6,30.7,grid
hinges,1000 horizontal,625 vertical,104.4,73.1,200.0,237.5,1.4789,1.1488,0.7036,36.6,30.7,grid
hinges,1000 horizontal,625 vertical,104.4,73.1,300.0,137.5,1.3969,1.1287,0.7026,36.6,30.7,grid
hinges,1000 horizontal,625 vertical,104.4,73.1,328.1,109.4,1.3889,1.1228,0.7023,36.6,30.7,grid
hinges,1000 horizontal,625 vertical,104.4,73.1,437.5,0.0,1.4436,1.0770,0.6983,36.6,41.9,grid
hinges,1000 horizontal,625 vertical,130.5,47.0,0.0,437.5,1.5937,1.1672,0.7044,35.0,30.7,grid
hinges,1000 horizontal,625 vertical,130.5,47.0,100.0,337.5,1.5274,1.1483,0.7041,35.0,30.7,grid
hinges,1000 horizontal,625 vertical,130.5,47.0,200.0,237.5,1.3905,1.1337,0.7030,35.0,30.7,grid
hinges,1000 horizontal,625 vertical,130.5,47.0,300.0,137.5,1.3173,1.1142,0.7020,35.0,30.7,"grid,as-built"
hinges,1000 horizontal,625 vertical,130.5,47.0,328.1,109.4,1.3102,1.1084,0.7017,35.0,30.7,"grid,average"
hinges,1000 horizontal,625 vertical,130.5,47.0,437.5,0.0,1.3591,1.0637,0.6977,35.0,41.9,"grid,coverage"
hinges,1000 horizontal,1000 horizontal,0.0,177.5,0.0,437.5,1.9490,1.1762,0.7034,38.3,28.0,grid
hinges,1000 horizontal,1000 horizontal,0.0,177.5,100.0,337.5,1.7425,1.1753,0.7034,38.3,28.0,grid
hinges,1000 horizontal,1000 horizontal,0.0,177.5,200.0,237.5,1.5410,1.1703,0.7021,38.3,26.8,grid
hinges,1000 horizontal,1000 horizontal,0.0,177.5,300.0,137.5,1.4991,1.1638,0.7007,38.3,26.8,grid
hinges,1000 horizontal,1000 horizontal,0.0,177.5,328.1,109.4,1.4990,1.1607,0.7003,38.3,26.8,grid
hinges,1000 horizontal,1000 horizontal,0.0,177.5,437.5,0.0,1.5531,1.1139,0.6961,38.3,33.5,grid
hinges,1000 horizontal,1000 horizontal,26.1,151.4,0.0,437.5,1.9297,1.1669,0.7032,33.5,28.0,grid
hinges,1000 horizontal,1000 horizontal,26.1,151.4,100.0,337.5,1.7269,1.1660,0.7032,33.5,28.0,grid
hinges,1000 horizontal,1000 horizontal,26.1,151.4,200.0,237.5,1.5287,1.1610,0.7018,33.5,26.8,grid
hinges,1000 horizontal,1000 horizontal,26.1,151.4,300.0,137.5,1.4874,1.1546,0.7005,33.5,26.8,grid
hinges,1000 horizontal,1000 horizontal,26.1,151.4,328.1,109.4,1.4872,1.1515,0.7001,33.5,26.8,grid
hinges,1000 horizontal,1000 horizontal,26.1,151.4,437.5,0.0,1.5406,1.1054,0.6959,33.5,33.5,grid
hinges,1000 horizontal,1000 horizontal,52.2,125.3,0.0,437.5,1.8892,1.1723,0.7039,38.3,28.0,grid
hinges,1000 horizontal,1000 horizontal,52.2,125.3,100.0,337.5,1.6941,1.1714,0.7039,38.3,28.0,grid
hinges,1000 horizontal,1000 horizontal,52.2,125.3,200.0,237.5,1.5026,1.1664,0.7025,38.3,26.8,grid
hinges,1000 horizontal,1000 horizontal,52.2,125.3,300.0,137.5,1.4626,1.1599,0.7012,38.3,26.8,grid
hinges,1000 horizontal,1000 horizontal,52.2,125.3,328.1,109.4,1.4625,1.1568,0.7008,38.3,26.8,grid
hinges,1000 horizontal,1000 horizontal,52.2,125.3,437.5,0.0,1.5142,1.1103,0.6966,38.3,33.5,grid
hinges,1000 horizontal,1000 horizontal,78.3,99.2,0.0,437.5,1.8126,1.1698,0.7036,36.6,28.0,grid
hinges,1000 horizontal,1000 horizontal,78.3,99.2,100.0,337.5,1.6317,1.1690,0.7036,36.6,28.0,grid
hinges,1000 horizontal,1000 horizontal,78.3,99.2,200.0,237.5,1.4528,1.1640,0.7023,36.6,26.8,grid
hinges,1000 horizontal,1000 horizontal,78.3,99.2,300.0,137.5,1.4153,1.1575,0.7009,36.6,26.8,grid
hinges,1000 horizontal,1000 horizontal,78.3,99.2,328.1,109.4,1.4152,1.1544,0.7005,36.6,26.8,grid
hinges,1000 horizontal,1000 horizontal,78.3,99.2,437.5,0.0,1.4637,1.1081,0.6963,36.6,33.5,grid
hinges,1000 horizontal,1000 horizontal,104.4,73.1,0.0,437.5,1.7103,1.1640,0.7030,36.6,28.0,grid
hinges,1000 horizontal,1000 horizontal,104.4,73.1,100.0,337.5,1.5476,1.1631,0.7029,36.6,28.0,grid
hinges,1000 horizontal,1000 horizontal,104.4,73.1,200.0,237.5,1.3850,1.1581,0.7016,36.6,26.8,grid
hinges,1000 horizontal,1000 horizontal,104.4,73.1,300.0,137.5,1.3507,1.1518,0.7002,36.6,26.8,grid
hinges,1000 horizontal,1000 horizontal,104.4,73.1,328.1,109.4,1.3506,1.1487,0.6998,36.6,26.8,grid
hinges,1000 horizontal,1000 horizontal,104.4,73.1,437.5,0.0,1.3949,1.1028,0.6957,36.6,33.5,grid
hinges,1000 horizontal,1000 horizontal,130.5,47.0,0.0,437.5,1.5947,1.1485,0.7024,35.0,28.0,grid
hinges,1000 horizontal,1000 horizontal,130.5,47.0,100.0,337.5,1.4515,1.1477,0.7023,35.0,28.0,grid
hinges,1000 horizontal,1000 horizontal,130.5,47.0,200.0,237.5,1.3067,1.1429,0.7010,35.0,26.8,grid
hinges,1000 horizontal,1000 horizontal,130.5,47.0,300.0,137.5,1.2759,1.1367,0.6997,35.0,26.8,"grid,as-built"
hinges,1000 horizontal,1000 horizontal,130.5,47.0,328.1,109.4,1.2758,1.1336,0.6992,35.0,26.8,grid
hinges,1000 horizontal,1000 horizontal,130.5,47.0,437.5,0.0,1.3156,1.0888,0.6951,35.0,33.5,"grid,coverage"
